warning_id,wfo,etn,issued_utc,expired_utc,polygon_centroid_lat,polygon_centroid_lon,radar_site,radar_lat,radar_lon,volume_scan_time_utc,max_reflectivity_dbz,target_lat,target_lon
BGM-SQ-W-2020-1,BGM,1,2020-01-01T00:00:00+00:00,2020-01-01T00:49:00+00:00,42.02553591224692,-74.94417264717893,KBGM,42.19969,-75.98472,2019-12-31T23:58:08.461000,38.5,41.9063027537664,-75.17533463151489
ALY-SQ-W-2020-2,ALY,2,2020-01-01T01:51:00+00:00,2020-01-01T02:33:00+00:00,42.32277671895614,-73.31213165225039,KENX,42.58655,-74.06408,2020-01-01T01:51:32.114000,44.5,42.3663927278434,-73.42136180471053
TFX-SQ-W-2020-1,TFX,1,2020-01-02T21:41:00+00:00,2020-01-02T22:00:00+00:00,48.73812181282769,-108.49630180277242,KGGW,48.20635,-106.62468,2020-01-02T21:41:02.353000,32.0,48.628505812732236,-108.36287561361162
TFX-SQ-W-2020-2,TFX,2,2020-01-02T22:09:00+00:00,2020-01-02T23:15:00+00:00,47.13266179594798,-109.93297476553191,KTFX,47.45972,-111.38527,2020-01-02T22:07:00.823000,32.0,47.19942328335367,-110.14490782022222
APX-SQ-W-2020-1,APX,1,2020-01-07T14:43:00+00:00,2020-01-07T16:15:00+00:00,45.42654571234284,-84.92038905045071,KAPX,44.90634,-84.71953,2020-01-07T14:46:12.705000,33.0,45.0712447045605,-86.00324974117736
APX-SQ-W-2020-2,APX,2,2020-01-07T15:38:00+00:00,2020-01-07T16:30:00+00:00,44.635372297838266,-85.59542033626903,KAPX,44.90634,-84.71953,2020-01-07T15:36:12.535000,32.5,44.69466034968358,-85.86128997521034
CTP-SQ-W-2020-1,CTP,1,2020-01-08T10:23:00+00:00,2020-01-08T11:30:00+00:00,41.142459066564655,-77.74106860494774,KCCX,40.92305,-78.00389,2020-01-08T10:21:43.386000,49.0,41.28792185345603,-77.64723071097579
PBZ-SQ-W-2020-1,PBZ,1,2020-01-08T10:36:00+00:00,2020-01-08T11:00:00+00:00,41.31295096716149,-79.64554206027891,KPBZ,40.53166,-80.21794,2020-01-08T10:37:59.721000,43.5,41.390350524170486,-79.60160450450351
CTP-SQ-W-2020-2,CTP,2,2020-01-08T10:41:00+00:00,2020-01-08T11:30:00+00:00,41.21004863093352,-78.58376784015225,KCCX,40.92305,-78.00389,2020-01-08T10:41:42.930000,34.5,41.40518652887816,-78.85416237085897
CTP-SQ-W-2020-3,CTP,3,2020-01-08T10:52:00+00:00,2020-01-08T11:45:00+00:00,41.09395441110975,-77.12419693104984,KCCX,40.92305,-78.00389,2020-01-08T10:53:53.620000,39.5,40.975057099257214,-77.81175015455968
CTP-SQ-W-2020-4,CTP,4,2020-01-08T11:25:00+00:00,2020-01-08T12:15:00+00:00,41.1039525119444,-78.20383668741854,KCCX,40.92305,-78.00389,2020-01-08T11:22:22.070000,38.0,41.173152364699945,-77.85050442132777
CTP-SQ-W-2020-5,CTP,5,2020-01-08T11:44:00+00:00,2020-01-08T12:30:00+00:00,41.04042137856757,-76.59300821217016,KCCX,40.92305,-78.00389,2020-01-08T11:46:00.586000,39.0,40.97742667278381,-76.95106182549381
CTP-SQ-W-2020-6,CTP,6,2020-01-08T11:48:00+00:00,2020-01-08T12:30:00+00:00,41.3083660130719,-77.05930400989224,KCCX,40.92305,-78.00389,2020-01-08T11:46:00.586000,35.5,41.427724228170334,-77.34576391872095
CTP-SQ-W-2020-7,CTP,7,2020-01-08T12:07:00+00:00,2020-01-08T12:30:00+00:00,40.08212894294472,-78.23141995451398,KCCX,40.92305,-78.00389,2020-01-08T12:09:38.898000,37.0,40.12096886680884,-78.63877820819398
CTP-SQ-W-2020-8,CTP,8,2020-01-08T12:12:00+00:00,2020-01-08T13:00:00+00:00,41.070976344931516,-78.2174287399253,KCCX,40.92305,-78.00389,2020-01-08T12:09:38.898000,46.0,41.115804522985506,-78.53723345397322
CTP-SQ-W-2020-9,CTP,9,2020-01-08T12:24:00+00:00,2020-01-08T13:15:00+00:00,39.78569174232599,-76.68479896238651,KLWX,38.9761,-77.4875,2020-01-08T12:22:59.056000,36.5,39.78362539303451,-76.92185091159796
CTP-SQ-W-2020-10,CTP,10,2020-01-08T12:31:00+00:00,2020-01-08T13:15:00+00:00,39.93650594664094,-77.44309546769527,KLWX,38.9761,-77.4875,2020-01-08T12:32:39.916000,34.5,39.98125174045639,-77.72469238416323
LWX-SQ-W-2020-1,LWX,1,2020-01-08T12:33:00+00:00,2020-01-08T13:00:00+00:00,39.65459848484849,-76.78718722943724,KLWX,38.9761,-77.4875,2020-01-08T12:32:39.916000,37.5,39.62902300752349,-76.68639937381938
CTP-SQ-W-2020-11,CTP,11,2020-01-08T12:41:00+00:00,2020-01-08T13:15:00+00:00,40.956475574392144,-77.73464421146554,KCCX,40.92305,-78.00389,2020-01-08T12:40:48.317000,41.5,40.972881920960056,-78.32293350770254
PHI-SQ-W-2020-1,PHI,1,2020-01-08T12:44:00+00:00,2020-01-08T13:30:00+00:00,39.6310080019109,-75.80032963095664,KDOX,38.82555,-75.44,2020-01-08T12:41:57.548000,6.5,39.65994597932511,-76.1659767894271
LWX-SQ-W-2020-2,LWX,2,2020-01-08T12:52:00+00:00,2020-01-08T13:15:00+00:00,39.559039974819,-76.23515265974187,KDOX,38.82555,-75.44,2020-01-08T12:50:36.048000,34.5,39.60615884318084,-76.34850151796633
LWX-SQ-W-2020-3,LWX,3,2020-01-08T12:56:00+00:00,2020-01-08T13:30:00+00:00,39.19102375102375,-77.27381381381383,KLWX,38.9761,-77.4875,2020-01-08T12:53:34.674000,43.5,39.225290668866926,-77.52270683170083
LWX-SQ-W-2020-4,LWX,4,2020-01-08T13:03:00+00:00,2020-01-08T14:00:00+00:00,39.649564011097894,-76.68459770114941,KLWX,38.9761,-77.4875,2020-01-08T13:04:45.398000,44.0,39.67596021879813,-77.08671967005898
BUF-SQ-W-2020-1,BUF,1,2020-01-08T13:06:00+00:00,2020-01-08T14:00:00+00:00,43.154167636786966,-77.59284972836632,KBUF,42.9486,-78.73694,2020-01-08T13:06:11.811000,39.0,43.140023140217636,-77.97610758988009
CTP-SQ-W-2020-12,CTP,12,2020-01-08T13:11:00+00:00,2020-01-08T14:00:00+00:00,40.03850983358548,-78.27067826525467,KCCX,40.92305,-78.00389,2020-01-08T13:08:21.926000,41.0,40.10732421819801,-78.39668837617164
CTP-SQ-W-2020-13,CTP,13,2020-01-08T13:14:00+00:00,2020-01-08T14:00:00+00:00,39.810638696178835,-76.96292148441802,KLWX,38.9761,-77.4875,2020-01-08T13:16:27.020000,43.0,39.869969388038335,-77.41113259113463
BUF-SQ-W-2020-2,BUF,2,2020-01-08T13:20:00+00:00,2020-01-08T14:15:00+00:00,43.440438596491234,-76.1119244676577,KTYX,43.75582,-75.68,2020-01-08T13:19:30.675000,41.0,43.43492416178445,-76.16447092110172
CTP-SQ-W-2020-14,CTP,14,2020-01-08T13:27:00+00:00,2020-01-08T14:15:00+00:00,40.822880443388755,-77.83220110847186,KCCX,40.92305,-78.00389,2020-01-08T13:28:50.263000,40.5,40.916562299972426,-77.97373051653207
PHI-SQ-W-2020-3,PHI,3,2020-01-08T13:28:00+00:00,2020-01-08T14:15:00+00:00,40.20006708304418,-75.59469118667592,KDIX,39.94694,-74.41072,2020-01-08T13:26:06.883000,33.5,40.184106374922145,-75.77258143376949
PHI-SQ-W-2020-4,PHI,4,2020-01-08T13:28:00+00:00,2020-01-08T14:15:00+00:00,39.6855539992413,-75.60901572850099,KDOX,38.82555,-75.44,2020-01-08T13:26:04.551000,38.0,39.578143691621015,-76.09385144633134
PBZ-SQ-W-2020-2,PBZ,2,2020-01-08T13:29:00+00:00,2020-01-08T14:30:00+00:00,41.11729517396184,-80.14278338945007,KPBZ,40.53166,-80.21794,2020-01-08T13:26:37.189000,39.0,41.13020651089454,-80.39055460263943
PHI-SQ-W-2020-5,PHI,5,2020-01-08T13:30:00+00:00,2020-01-08T14:15:00+00:00,41.15702986052608,-74.88471122343913,KDIX,39.94694,-74.41072,2020-01-08T13:26:06.883000,30.5,41.143610299195444,-75.21333685998489
BUF-SQ-W-2020-3,BUF,3,2020-01-08T13:33:00+00:00,2020-01-08T14:30:00+00:00,42.155591748099894,-79.23465798045602,KBUF,42.9486,-78.73694,2020-01-08T13:34:16.424000,43.5,42.22449919090285,-79.53302679168799
PHI-SQ-W-2020-6,PHI,6,2020-01-08T13:48:00+00:00,2020-01-08T14:30:00+00:00,40.758493589743594,-74.62839120370373,KDIX,39.94694,-74.41072,2020-01-08T13:52:20.226000,31.0,40.7261395017605,-74.78009419047365
BUF-SQ-W-2020-4,BUF,4,2020-01-08T13:52:00+00:00,2020-01-08T14:30:00+00:00,43.0931739912619,-76.92038293497815,KTYX,43.75582,-75.68,2020-01-08T13:49:57.236000,30.0,43.25033342577568,-77.00640583268182
PHI-SQ-W-2020-7,PHI,7,2020-01-08T14:14:00+00:00,2020-01-08T15:00:00+00:00,39.588534011874465,-74.94291704834603,KDIX,39.94694,-74.41072,2020-01-08T14:09:50.192000,35.5,39.6177952771779,-75.44113580603053
PBZ-SQ-W-2020-3,PBZ,3,2020-01-08T14:21:00+00:00,2020-01-08T15:00:00+00:00,40.897111131037775,-79.70730123146818,KPBZ,40.53166,-80.21794,2020-01-08T14:23:15.641000,39.5,40.969884178410084,-79.8584339892929
ALY-SQ-W-2020-3,ALY,3,2020-01-08T14:22:00+00:00,2020-01-08T15:30:00+00:00,43.12753268166295,-74.76404545989872,KENX,42.58655,-74.06408,2020-01-08T14:19:17.463000,34.0,43.01373820290415,-75.21329831758433
CTP-SQ-W-2020-15,CTP,15,2020-01-08T14:28:00+00:00,2020-01-08T14:50:00+00:00,40.74549783549784,-78.10770562770563,KCCX,40.92305,-78.00389,2020-01-08T14:29:44.858000,43.0,40.75343036465739,-78.12916281186068
CTP-SQ-W-2020-16,CTP,16,2020-01-08T14:55:00+00:00,2020-01-08T15:30:00+00:00,40.55555876995607,-77.41322511518268,KCCX,40.92305,-78.00389,2020-01-08T14:53:36.336000,45.5,40.67264004414812,-77.77480693702246
OKX-SQ-W-2020-1,OKX,1,2020-01-08T14:59:00+00:00,2020-01-08T15:45:00+00:00,41.34049762354694,-73.50840290900763,KOKX,40.86552,-72.86392,2020-01-08T14:54:42.279000,38.5,41.35452070295295,-73.92708344140961
OKX-SQ-W-2020-2,OKX,2,2020-01-08T15:32:00+00:00,2020-01-08T16:30:00+00:00,40.95603823585084,-72.61431005110732,KOKX,40.86552,-72.86392,2020-01-08T15:33:45.771000,42.0,40.98034037874381,-72.9997510749309
PBZ-SQ-W-2020-4,PBZ,4,2020-01-08T15:45:00+00:00,2020-01-08T16:30:00+00:00,40.5861858622791,-79.82311578305911,KPBZ,40.53166,-80.21794,2020-01-08T15:42:57.752000,48.5,40.699403983578144,-80.155650991063
PHI-SQ-W-2020-8,PHI,8,2020-01-08T16:25:00+00:00,2020-01-08T17:00:00+00:00,40.37151819075712,-75.96122123893805,KDIX,39.94694,-74.41072,2020-01-08T16:20:59.612000,23.5,40.43697437259062,-76.20474296194736
PHI-SQ-W-2020-9,PHI,9,2020-01-08T17:49:00+00:00,2020-01-08T18:15:00+00:00,40.03586595492289,-75.21223013048633,KDIX,39.94694,-74.41072,2020-01-08T17:47:42.716000,37.5,40.054293477616376,-75.35265654219134
PHI-SQ-W-2020-10,PHI,10,2020-01-08T18:08:00+00:00,2020-01-08T18:45:00+00:00,39.91433937483584,-74.80935119516681,KDIX,39.94694,-74.41072,2020-01-08T18:04:38.023000,38.0,40.00582136544788,-74.98799558224616
PHI-SQ-W-2020-11,PHI,11,2020-01-08T18:48:00+00:00,2020-01-08T19:30:00+00:00,41.04369997686792,-75.31610108720795,KBGM,42.19969,-75.98472,2020-01-08T18:47:19.443000,25.0,40.985628941014944,-75.66511611104559
PHI-SQ-W-2020-12,PHI,12,2020-01-08T19:18:00+00:00,2020-01-08T20:00:00+00:00,41.030449982692964,-74.58392869505019,KDIX,39.94694,-74.41072,2020-01-08T19:14:33.869000,31.5,41.09609944831093,-74.84112623221829
GYX-SQ-W-2020-1,GYX,1,2020-01-08T21:25:00+00:00,2020-01-08T22:15:00+00:00,43.39931964449892,-71.50862090101134,KGYX,43.8913,-70.25636,2020-01-08T21:23:57.983000,35.5,43.62990305320322,-71.46544869145194
GYX-SQ-W-2020-2,GYX,2,2020-01-08T22:13:00+00:00,2020-01-08T23:00:00+00:00,43.21784984376319,-71.06906680179038,KGYX,43.8913,-70.25636,2020-01-08T22:14:58.969000,37.0,43.35548118634789,-71.27120937927242
GYX-SQ-W-2020-3,GYX,3,2020-01-08T22:56:00+00:00,2020-01-09T00:00:00+00:00,43.26681982556902,-70.86489842586684,KGYX,43.8913,-70.25636,2020-01-08T22:56:07.082000,35.0,43.49322780381487,-70.99960587284957
CYS-SQ-W-2020-1,CYS,1,2020-01-14T23:11:00+00:00,2020-01-15T00:00:00+00:00,41.82202925908447,-107.07617586912063,KRIW,43.0661,-108.47729,2020-01-14T23:09:12.241000,14.5,41.897131995346875,-107.24641524612478
CYS-SQ-W-2020-2,CYS,2,2020-01-14T23:58:00+00:00,2020-01-15T00:30:00+00:00,41.81419598436389,-107.23822316986495,KRIW,43.0661,-108.47729,2020-01-15T00:01:07.417000,18.5,41.660941031212054,-107.46994052309783
CYS-SQ-W-2020-3,CYS,3,2020-01-15T00:16:00+00:00,2020-01-15T00:45:00+00:00,41.8281118037402,-106.61289362557812,KCYS,41.15194,-104.8061,2020-01-15T00:20:33.605000,17.0,41.82892809280351,-106.38910906563684
PIH-SQ-W-2020-1,PIH,1,2020-01-15T01:43:00+00:00,2020-01-15T02:15:00+00:00,42.84229218271407,-113.62845385537355,KSFX,43.10559,-112.68612,2020-01-15T01:41:28.095000,38.0,43.087550934011,-113.89724973899808
CYS-SQ-W-2020-4,CYS,4,2020-01-15T03:17:00+00:00,2020-01-15T03:45:00+00:00,41.15,-104.65666666666668,KCYS,41.15194,-104.8061,2020-01-15T03:15:35.788000,76.0,41.09837367974164,-105.09435657595557
BOU-SQ-W-2020-1,BOU,1,2020-01-15T03:50:00+00:00,2020-01-15T04:30:00+00:00,40.90747459349594,-105.2665650406504,KCYS,41.15194,-104.8061,2020-01-15T03:54:01.106000,28.0,40.98061123737272,-105.18608692538844
PHI-SQ-W-2020-13,PHI,13,2020-01-16T18:53:00+00:00,2020-01-16T19:16:00+00:00,40.87159192389828,-74.59832362648031,KDIX,39.94694,-74.41072,2020-01-16T18:53:23.582000,41.0,40.90915927417663,-74.51691122110736
PHI-SQ-W-2020-14,PHI,14,2020-01-16T21:18:00+00:00,2020-01-16T22:03:00+00:00,41.08550299075585,-75.22270527460576,KBGM,42.19969,-75.98472,2020-01-16T21:16:24.007000,34.5,41.222826117157794,-75.46584402567163
CYS-SQ-W-2020-5,CYS,5,2020-01-17T16:25:00+00:00,2020-01-17T17:30:00+00:00,41.70697373737374,-106.27304646464646,KCYS,41.15194,-104.8061,2020-01-17T16:21:15.579000,29.0,41.60004848928539,-106.47413326293336
CYS-SQ-W-2020-6,CYS,6,2020-01-17T16:59:00+00:00,2020-01-17T17:38:00+00:00,41.45703081232494,-105.7336974789916,KCYS,41.15194,-104.8061,2020-01-17T16:59:44.772000,39.5,41.47205615155138,-105.89420767567486
CYS-SQ-W-2020-7,CYS,7,2020-01-17T18:06:00+00:00,2020-01-17T18:45:00+00:00,41.67649518652227,-104.85754211793021,KCYS,41.15194,-104.8061,2020-01-17T18:05:34.977000,36.5,41.51622989971871,-104.76985879889881
CYS-SQ-W-2020-8,CYS,8,2020-01-31T00:32:00+00:00,2020-01-31T01:15:00+00:00,41.25775778027746,-104.75055493063364,KCYS,41.15194,-104.8061,2020-01-31T00:33:14.056000,77.5,41.09851407051465,-105.14337128018178
BOU-SQ-W-2020-2,BOU,2,2020-01-31T00:57:00+00:00,2020-01-31T01:45:00+00:00,40.74032513981012,-104.63442840421382,KCYS,41.15194,-104.8061,2020-01-31T00:56:49.802000,42.5,40.98622026445133,-104.53315534629765
BOU-SQ-W-2020-3,BOU,3,2020-01-31T01:07:00+00:00,2020-01-31T02:00:00+00:00,39.314324304485055,-104.72152536152096,KFTG,39.78663,-104.5458,2020-01-31T01:08:09.735000,49.5,39.428155134240576,-104.53539326059409
CYS-SQ-W-2020-9,CYS,9,2020-01-31T01:15:00+00:00,2020-01-31T02:00:00+00:00,41.139450757575766,-105.10328598484848,KCYS,41.15194,-104.8061,2020-01-31T01:13:30.224000,77.0,41.100296986895486,-105.1469093648296
TFX-SQ-W-2020-3,TFX,3,2020-02-08T14:14:00+00:00,2020-02-08T14:45:00+00:00,45.651578483245146,-110.93812463256909,KBLX,45.85377,-108.60679,2020-02-08T14:09:31.497000,18.5,45.746145102586645,-110.7920215453701
CYS-SQ-W-2020-10,CYS,10,2020-02-08T23:30:00+00:00,2020-02-09T00:15:00+00:00,41.620292464751266,-105.65165137004524,KCYS,41.15194,-104.8061,2020-02-08T23:30:55.212000,34.0,41.666583997025214,-106.07894866439725
CYS-SQ-W-2020-11,CYS,11,2020-02-09T00:12:00+00:00,2020-02-09T01:00:00+00:00,41.48406037089663,-104.99891445331001,KCYS,41.15194,-104.8061,2020-02-09T00:13:27.052000,49.0,41.09901752419587,-105.15569693094514
MSO-SQ-W-2020-1,MSO,1,2020-02-09T00:18:00+00:00,2020-02-09T00:45:00+00:00,46.790203045685296,-113.63358714043994,KMSX,47.0411,-113.9861,2020-02-09T00:16:27.277000,44.0,46.8858564573323,-113.72334727719208
MSO-SQ-W-2020-2,MSO,2,2020-02-09T00:38:00+00:00,2020-02-09T01:30:00+00:00,46.762558139534875,-113.65866494401378,KMSX,47.0411,-113.9861,2020-02-09T00:39:13.260000,38.5,46.735438621129454,-113.53781449328324
CYS-SQ-W-2020-12,CYS,12,2020-02-09T00:45:00+00:00,2020-02-09T01:15:00+00:00,41.09434675615213,-104.96114317673378,KCYS,41.15194,-104.8061,2020-02-09T00:47:46.175000,77.5,41.099224993189544,-105.12526138414997
CYS-SQ-W-2020-13,CYS,13,2020-02-09T01:15:00+00:00,2020-02-09T01:45:00+00:00,41.09763328350772,-105.17161933233682,KCYS,41.15194,-104.8061,2020-02-09T01:13:40.795000,73.0,41.10273324912733,-105.00919615963775
MSO-SQ-W-2020-3,MSO,3,2020-02-09T02:01:00+00:00,2020-02-09T02:45:00+00:00,47.00058333333334,-114.11316666666669,KMSX,47.0411,-113.9861,2020-02-09T02:01:02.423000,38.0,47.054850133132,-114.11161507666006
CYS-SQ-W-2020-14,CYS,14,2020-02-12T20:33:00+00:00,2020-02-12T21:00:00+00:00,41.42716346153846,-104.90240384615383,KCYS,41.15194,-104.8061,2020-02-12T20:28:32.374000,40.0,41.257077296875636,-104.9472801059176
CYS-SQ-W-2020-15,CYS,15,2020-02-12T21:15:00+00:00,2020-02-12T21:45:00+00:00,41.294716618635924,-104.82282420749279,KCYS,41.15194,-104.8061,2020-02-12T21:12:20.157000,39.5,41.38367427487606,-104.87314570694751
CYS-SQ-W-2020-16,CYS,16,2020-02-12T21:41:00+00:00,2020-02-12T22:15:00+00:00,41.113600000000005,-104.7976,KCYS,41.15194,-104.8061,2020-02-12T21:41:18.477000,67.0,41.095554741568726,-104.91575586538823
BOU-SQ-W-2020-4,BOU,4,2020-02-12T23:01:00+00:00,2020-02-12T23:45:00+00:00,40.3526654950205,-104.69877562975981,KFTG,39.78663,-104.5458,2020-02-12T22:59:23.463000,40.5,40.34759940244467,-104.73251121574977
BOU-SQ-W-2020-5,BOU,5,2020-02-12T23:32:00+00:00,2020-02-13T00:30:00+00:00,40.19102433503112,-104.74694720672647,KFTG,39.78663,-104.5458,2020-02-12T23:30:11.496000,40.5,40.32224881915812,-104.73148502298179
TFX-SQ-W-2020-4,TFX,4,2020-02-14T15:07:00+00:00,2020-02-14T16:00:00+00:00,45.76341899441341,-111.19601436552276,KTFX,47.45972,-111.38527,2020-02-14T15:07:40.667000,19.0,45.8962107458451,-111.01965166709518
MSO-SQ-W-2020-4,MSO,4,2020-02-17T03:15:00+00:00,2020-02-17T04:15:00+00:00,46.790000000000006,-113.66499999999999,KMSX,47.0411,-113.9861,2020-02-17T03:15:18.240000,38.0,46.86015906621767,-113.97580735280762
MSO-SQ-W-2020-5,MSO,5,2020-02-17T04:14:00+00:00,2020-02-17T05:15:00+00:00,46.74451722464823,-113.58999999999996,KMSX,47.0411,-113.9861,2020-02-17T04:13:08.474000,36.5,46.73003279392371,-113.70569265786318
MSO-SQ-W-2020-6,MSO,6,2020-02-24T00:51:00+00:00,2020-02-24T01:45:00+00:00,45.49941129032257,-113.95140591397848,KMSX,47.0411,-113.9861,2020-02-24T00:49:38.621000,30.0,45.53735910821811,-113.90108501230917
MSO-SQ-W-2020-7,MSO,7,2020-02-24T01:10:00+00:00,2020-02-24T01:45:00+00:00,46.13959870550162,-112.79921035598707,KMSX,47.0411,-113.9861,2020-02-24T01:11:38.612000,34.5,46.209232625309554,-112.74203062345292
MSO-SQ-W-2020-8,MSO,8,2020-02-24T01:13:00+00:00,2020-02-24T02:15:00+00:00,46.572948255114326,-112.48160048134778,KMSX,47.0411,-113.9861,2020-02-24T01:11:38.612000,47.0,46.53981854201427,-112.53340591951674
MSO-SQ-W-2020-9,MSO,9,2020-02-24T01:16:00+00:00,2020-02-24T01:59:00+00:00,45.21790064102566,-113.93365384615386,KMSX,47.0411,-113.9861,2020-02-24T01:15:59.552000,33.5,45.275816080849864,-114.01652027241674
TFX-SQ-W-2020-5,TFX,5,2020-02-24T01:23:00+00:00,2020-02-24T02:30:00+00:00,46.76218934153216,-112.04404048168075,KTFX,47.45972,-111.38527,2020-02-24T01:23:51.930000,30.0,46.61755037655661,-112.29684198989777
MSO-SQ-W-2020-10,MSO,10,2020-02-24T01:26:00+00:00,2020-02-24T02:20:00+00:00,45.908318227593156,-112.616752985182,KMSX,47.0411,-113.9861,2020-02-24T01:24:42.129000,29.0,46.07505242972654,-112.66238476793237
TFX-SQ-W-2020-6,TFX,6,2020-02-24T01:45:00+00:00,2020-02-24T02:15:00+00:00,46.2176457266946,-111.94980114782074,KTFX,47.45972,-111.38527,2020-02-24T01:42:46.328000,31.0,46.55052879795613,-111.35611537890746
MSO-SQ-W-2020-11,MSO,11,2020-02-24T02:28:00+00:00,2020-02-24T03:00:00+00:00,44.73755599734924,-113.48170046388337,KSFX,43.10559,-112.68612,2020-02-24T02:28:06.319000,31.5,44.71512903613939,-113.63823282988653
BOU-SQ-W-2020-6,BOU,6,2020-02-24T14:58:00+00:00,2020-02-24T15:45:00+00:00,40.47387978142077,-104.9655737704918,KCYS,41.15194,-104.8061,2020-02-24T14:57:38.134000,34.5,40.39737480523111,-105.17126798799536
GJT-SQ-W-2020-1,GJT,1,2020-02-24T15:07:00+00:00,2020-02-24T15:45:00+00:00,39.17397476027228,-106.96219953296568,KGJX,39.06222,-108.21375,2020-02-24T15:06:58.256000,32.0,39.13748863378819,-107.08098531728746
BOU-SQ-W-2020-7,BOU,7,2020-02-24T15:12:00+00:00,2020-02-24T16:15:00+00:00,39.624918253834494,-105.84814483959768,KFTG,39.78663,-104.5458,2020-02-24T15:11:28.331000,27.0,39.6001074565948,-105.58870042840203
PUB-SQ-W-2020-1,PUB,1,2020-02-24T15:15:00+00:00,2020-02-24T15:45:00+00:00,38.95030620599311,-106.26898531739533,KGJX,39.06222,-108.21375,2020-02-24T15:16:37.985000,16.0,39.18382281868802,-106.49265733749611
BOU-SQ-W-2020-8,BOU,8,2020-02-24T15:42:00+00:00,2020-02-24T16:30:00+00:00,40.31646308113036,-104.39488301428138,KFTG,39.78663,-104.5458,2020-02-24T15:39:59.088000,32.5,40.26043321419415,-104.71507333109093
PUB-SQ-W-2020-2,PUB,2,2020-02-24T16:25:00+00:00,2020-02-24T17:15:00+00:00,38.92107072804892,-105.15191877235492,KPUX,38.45944,-104.18138,2020-02-24T16:24:10.988000,18.0,39.105959544161735,-105.32713232821979
PUB-SQ-W-2020-3,PUB,3,2020-02-24T16:58:00+00:00,2020-02-24T17:30:00+00:00,39.0064645426516,-104.80494689962318,KPUX,38.45944,-104.18138,2020-02-24T16:59:39.071000,29.5,39.06412852305533,-104.57422538066608
CYS-SQ-W-2020-17,CYS,17,2020-02-24T17:03:00+00:00,2020-02-24T17:30:00+00:00,41.147685185185196,-105.36787037037038,KCYS,41.15194,-104.8061,2020-02-24T17:03:26.102000,36.5,41.145575626001026,-105.32693620356274
PUB-SQ-W-2020-4,PUB,4,2020-02-24T17:27:00+00:00,2020-02-24T18:00:00+00:00,38.994930362116996,-104.73596616114723,KPUX,38.45944,-104.18138,2020-02-24T17:28:00.568000,32.0,39.00570721366099,-104.85641591967894
CYS-SQ-W-2020-18,CYS,18,2020-02-24T17:27:00+00:00,2020-02-24T18:30:00+00:00,41.174314299658384,-105.28459248413861,KCYS,41.15194,-104.8061,2020-02-24T17:26:13.518000,64.5,41.099402018637846,-105.1527564305626
DDC-SQ-W-2020-1,DDC,1,2020-02-24T23:35:00+00:00,2020-02-25T00:30:00+00:00,37.887664352447075,-101.02020088711751,KDDC,37.76083,-99.96888,2020-02-24T23:36:28.977000,42.0,38.27292597439014,-100.30532871007559
DDC-SQ-W-2020-2,DDC,2,2020-02-25T00:01:00+00:00,2020-02-25T01:00:00+00:00,37.574516594516595,-100.2924963924964,KDDC,37.76083,-99.96888,2020-02-24T23:58:17.168000,68.5,37.849733995891356,-100.25943397127799
DDC-SQ-W-2020-3,DDC,3,2020-02-25T00:24:00+00:00,2020-02-25T01:30:00+00:00,37.902284476213836,-100.87766226333554,KDDC,37.76083,-99.96888,2020-02-25T00:21:00.180000,46.0,38.16789153272716,-100.20770711798735
DDC-SQ-W-2020-4,DDC,4,2020-02-25T00:54:00+00:00,2020-02-25T02:00:00+00:00,37.80020484171322,-100.02878005741098,KDDC,37.76083,-99.96888,2020-02-25T00:53:29.060000,72.0,37.880119314686304,-100.2831238279231
GLD-SQ-W-2020-1,GLD,1,2020-02-25T14:43:00+00:00,2020-02-25T15:15:00+00:00,39.47496940119296,-102.16985165388486,KGLD,39.36694,-101.70027,2020-02-25T14:41:10.457000,56.5,39.35106505048309,-102.10828188082871
GLD-SQ-W-2020-2,GLD,2,2020-02-25T15:12:00+00:00,2020-02-25T16:15:00+00:00,39.51314103011277,-102.13616649226834,KGLD,39.36694,-101.70027,2020-02-25T15:10:12.086000,63.5,39.38469950492665,-102.06163721232733
GLD-SQ-W-2020-3,GLD,3,2020-02-25T16:10:00+00:00,2020-02-25T17:00:00+00:00,39.04222930978083,-102.11382564605823,KGLD,39.36694,-101.70027,2020-02-25T16:08:11.355000,58.5,39.350844035338845,-102.11409048572158
PHI-SQ-W-2020-15,PHI,15,2020-02-29T15:21:00+00:00,2020-02-29T16:00:00+00:00,41.08448986058302,-75.25600337980562,KBGM,42.19969,-75.98472,2020-02-29T15:22:46.728000,20.0,41.23004983621048,-75.534961186305
PHI-SQ-W-2020-16,PHI,16,2020-02-29T16:05:00+00:00,2020-02-29T17:00:00+00:00,40.99423996837319,-75.12122619753575,KDIX,39.94694,-74.41072,2020-02-29T16:04:47.888000,19.5,41.224658299869056,-74.82655962630383
BOU-SQ-W-2020-9,BOU,9,2020-03-02T01:12:00+00:00,2020-03-02T02:15:00+00:00,40.85471127041019,-105.29982078853047,KCYS,41.15194,-104.8061,2020-03-02T01:09:26.106000,36.0,40.82062686741375,-105.37956398148572
BOU-SQ-W-2020-10,BOU,10,2020-03-02T01:38:00+00:00,2020-03-02T02:30:00+00:00,40.8394041297935,-104.93850737463126,KCYS,41.15194,-104.8061,2020-03-02T01:39:52.473000,38.5,40.98344758767614,-104.90892240802428
BOU-SQ-W-2020-11,BOU,11,2020-03-02T04:10:00+00:00,2020-03-02T05:00:00+00:00,40.34643586329339,-105.06186861961828,KFTG,39.78663,-104.5458,2020-03-02T04:12:29.912000,38.5,40.248692889451995,-105.29044469715103
FGZ-SQ-W-2020-1,FGZ,1,2020-03-13T23:11:00+00:00,2020-03-13T23:45:00+00:00,35.14294627651339,-111.68766991794396,KFSX,34.57433,-111.19843,2020-03-13T23:10:36.774000,36.0,35.01370464664973,-111.72217544452192
FGZ-SQ-W-2020-2,FGZ,2,2020-03-13T23:57:00+00:00,2020-03-14T00:45:00+00:00,34.386011571481895,-110.81740201567749,KFSX,34.57433,-111.19843,2020-03-13T23:57:42.786000,36.0,34.28490152710875,-110.85753321669091
FGZ-SQ-W-2020-3,FGZ,3,2020-03-14T00:42:00+00:00,2020-03-14T01:15:00+00:00,34.379862385321104,-110.78048274355614,KFSX,34.57433,-111.19843,2020-03-14T00:41:55.813000,42.5,34.27410168748024,-110.67644477334933
DLH-SQ-W-2020-1,DLH,1,2020-04-09T12:30:00+00:00,2020-04-09T13:30:00+00:00,46.72308883224771,-92.30314311337678,KDLH,46.83694,-92.20971,2020-04-09T12:27:39.839000,44.5,46.56013122498392,-91.81841565399483
DLH-SQ-W-2020-2,DLH,2,2020-04-09T13:31:00+00:00,2020-04-09T14:15:00+00:00,46.478902516388246,-92.05794530203708,KDLH,46.83694,-92.20971,2020-04-09T13:31:40.055000,42.0,46.65547649204801,-92.09890761167038
ABR-SQ-W-2020-1,ABR,1,2020-04-09T13:44:00+00:00,2020-04-09T14:45:00+00:00,45.2709839266937,-98.48624079915876,KABR,45.45583,-98.41305,2020-04-09T13:46:39.708000,59.5,45.232137426448496,-97.91258212208996
ABR-SQ-W-2020-2,ABR,2,2020-04-09T14:43:00+00:00,2020-04-09T15:45:00+00:00,44.86020957513404,-97.89207751558203,KABR,45.45583,-98.41305,2020-04-09T14:44:16.754000,58.0,45.13384359645551,-97.81592777034608
FSD-SQ-W-2020-1,FSD,1,2020-04-09T15:01:00+00:00,2020-04-09T16:00:00+00:00,44.385852258458,-97.4066889104151,KFSD,43.58777,-96.72888,2020-04-09T15:01:00.331000,33.0,44.42772873750714,-97.05024827159555
FSD-SQ-W-2020-2,FSD,2,2020-04-09T16:55:00+00:00,2020-04-09T17:45:00+00:00,43.696269412170714,-96.7880444035431,KFSD,43.58777,-96.72888,2020-04-09T16:53:10.649000,55.5,43.58743105058661,-96.69375476243938
LBF-SQ-W-2020-1,LBF,1,2020-04-12T12:11:00+00:00,2020-04-12T13:15:00+00:00,41.14092852371409,-100.9226987307949,KLNX,41.95794,-100.57621,2020-04-12T12:11:48.967000,35.0,41.20640234684648,-101.00504225369818
LBF-SQ-W-2020-2,LBF,2,2020-04-12T12:56:00+00:00,2020-04-12T14:00:00+00:00,41.02696517412935,-100.4841791044776,KLNX,41.95794,-100.57621,2020-04-12T12:54:38.061000,30.5,41.16375449255201,-100.66395747445821
DMX-SQ-W-2020-1,DMX,1,2020-10-19T16:40:00+00:00,2020-10-19T17:45:00+00:00,41.67901141480784,-93.47556288616609,KDMX,41.7311,-93.72285,2020-10-19T16:43:08.838000,48.5,41.81816010966186,-93.5987160841731
TFX-SQ-W-2020-7,TFX,7,2020-10-21T19:03:00+00:00,2020-10-21T20:00:00+00:00,47.70724644945696,-111.33402458527274,KTFX,47.45972,-111.38527,2020-10-21T19:01:06.409000,51.5,47.45012010225903,-111.4383762785465
TFX-SQ-W-2020-8,TFX,8,2020-10-21T20:00:00+00:00,2020-10-21T21:00:00+00:00,47.86108177561868,-110.6236072094906,KTFX,47.45972,-111.38527,2020-10-21T19:58:35.415000,48.5,47.48777745663694,-111.1918744391281
REV-SQ-W-2020-1,REV,1,2020-11-08T20:09:00+00:00,2020-11-08T21:15:00+00:00,38.986011904761895,-120.08327380952382,KRGX,39.75405,-119.46202,2020-11-08T20:08:59.716000,32.0,39.01024033599081,-120.07626836539839
RIW-SQ-W-2020-1,RIW,1,2020-11-11T17:58:00+00:00,2020-11-11T19:00:00+00:00,41.63389550870761,-109.03831652917812,KRIW,43.0661,-108.47729,2020-11-11T17:58:29.542000,17.0,41.70398251226986,-108.72555212707643
CYS-SQ-W-2020-19,CYS,19,2020-11-11T23:58:00+00:00,2020-11-12T00:30:00+00:00,41.80267305644302,-107.0803849079568,KRIW,43.0661,-108.47729,2020-11-11T23:59:32.825000,20.0,41.6679955742313,-107.38982050087472
MPX-SQ-W-2020-1,MPX,1,2020-11-12T15:33:00+00:00,2020-11-12T16:30:00+00:00,45.20900511390052,-93.59879590887961,KMPX,44.84888,-93.56552,2020-11-12T15:31:41.341000,36.0,45.21121626228493,-93.71060391840398
LKN-SQ-W-2020-1,LKN,1,2020-11-14T06:19:00+00:00,2020-11-14T06:45:00+00:00,40.77672719212998,-115.83141220397934,KLRX,40.73972,-116.80277,2020-11-14T06:20:09.401000,40.5,40.51432532413756,-116.02983033785966
LKN-SQ-W-2020-2,LKN,2,2020-11-14T06:43:00+00:00,2020-11-14T07:15:00+00:00,40.62362421547511,-115.58958359387667,KLRX,40.73972,-116.80277,2020-11-14T06:39:24.020000,38.0,40.59830032249351,-116.28853186654872
GJT-SQ-W-2020-2,GJT,2,2020-11-14T14:51:00+00:00,2020-11-14T15:15:00+00:00,39.22377589728626,-106.80952825600623,KGJX,39.06222,-108.21375,2020-11-14T14:53:26.832000,29.0,39.38076211866824,-107.1080432878488
GJT-SQ-W-2020-3,GJT,3,2020-11-14T15:11:00+00:00,2020-11-14T15:45:00+00:00,39.342462545380165,-106.65926113412077,KGJX,39.06222,-108.21375,2020-11-14T15:05:29.880000,28.5,39.568348690280715,-106.27392276026538
CYS-SQ-W-2020-20,CYS,20,2020-11-14T17:24:00+00:00,2020-11-14T18:15:00+00:00,41.886702385508364,-104.78552430156908,KCYS,41.15194,-104.8061,2020-11-14T17:20:46.882000,36.5,42.05435696618715,-104.79000796923616
CYS-SQ-W-2020-21,CYS,21,2020-11-14T23:03:00+00:00,2020-11-14T23:45:00+00:00,41.13432498974148,-105.1521296676241,KCYS,41.15194,-104.8061,2020-11-14T23:02:10.088000,75.5,41.09927465728933,-105.07927334708086
MSO-SQ-W-2020-12,MSO,12,2020-11-20T01:05:00+00:00,2020-11-20T03:00:00+00:00,47.42229357798164,-115.59917431192659,KMSX,47.0411,-113.9861,2020-11-20T01:07:23.192000,33.5,47.421323609040314,-115.60205603198908
MSO-SQ-W-2020-13,MSO,13,2020-12-22T17:11:00+00:00,2020-12-22T17:45:00+00:00,48.211836734693875,-114.2826530612245,KMSX,47.0411,-113.9861,2020-12-22T17:09:56.587000,40.5,48.316077370998975,-114.24713509487731
MSO-SQ-W-2020-14,MSO,14,2020-12-22T17:39:00+00:00,2020-12-22T18:15:00+00:00,48.08064401981599,-114.17322009907998,KMSX,47.0411,-113.9861,2020-12-22T17:41:07.082000,45.0,48.09684093208624,-114.18777156954717
GJT-SQ-W-2020-4,GJT,4,2020-12-22T22:54:00+00:00,2020-12-22T23:30:00+00:00,40.219142100033125,-107.65468698244452,KGJX,39.06222,-108.21375,2020-12-22T22:52:08.720000,38.5,40.18621782610434,-108.03993331693651
MSO-SQ-W-2020-15,MSO,15,2020-12-22T23:06:00+00:00,2020-12-23T00:30:00+00:00,46.64498008901383,-112.9250566096666,KMSX,47.0411,-113.9861,2020-12-22T23:05:20.708000,39.0,46.910252167705295,-112.9141567230395
GJT-SQ-W-2020-5,GJT,5,2020-12-22T23:22:00+00:00,2020-12-23T00:15:00+00:00,40.24020088575693,-107.18840612689326,KGJX,39.06222,-108.21375,2020-12-22T23:21:30.448000,38.0,40.4670797834242,-107.30102147564999
BOU-SQ-W-2020-12,BOU,12,2020-12-22T23:24:00+00:00,2020-12-22T23:45:00+00:00,40.54714285714286,-105.87857142857143,KCYS,41.15194,-104.8061,2020-12-22T23:24:26.086000,25.5,40.55398216721164,-105.89022315125024
BOU-SQ-W-2020-13,BOU,13,2020-12-22T23:53:00+00:00,2020-12-23T00:30:00+00:00,39.71712009803922,-105.82424019607842,KFTG,39.78663,-104.5458,2020-12-22T23:55:44.216000,26.5,39.76634182453057,-105.83977695587632
GJT-SQ-W-2020-6,GJT,6,2020-12-22T23:57:00+00:00,2020-12-23T00:45:00+00:00,39.648492575524834,-107.72256630824376,KGJX,39.06222,-108.21375,2020-12-22T23:55:58.694000,43.0,39.72772007843569,-107.84145052647645
BOU-SQ-W-2020-14,BOU,14,2020-12-23T00:06:00+00:00,2020-12-23T00:45:00+00:00,40.44192219370527,-106.4192241883921,KCYS,41.15194,-104.8061,2020-12-23T00:06:44.691000,33.5,40.517945324691276,-106.46455719927758
GJT-SQ-W-2020-7,GJT,7,2020-12-23T00:11:00+00:00,2020-12-23T00:45:00+00:00,40.16930418233301,-106.9444636308778,KGJX,39.06222,-108.21375,2020-12-23T00:09:26.455000,33.5,40.1960256787282,-106.70360913276642
GJT-SQ-W-2020-8,GJT,8,2020-12-23T00:22:00+00:00,2020-12-23T00:45:00+00:00,39.665969728242175,-107.17535259717924,KGJX,39.06222,-108.21375,2020-12-23T00:23:08.827000,38.5,39.658234620823436,-107.37213258110008
BOU-SQ-W-2020-15,BOU,15,2020-12-23T00:40:00+00:00,2020-12-23T01:30:00+00:00,40.64030184824,-105.85325345964522,KCYS,41.15194,-104.8061,2020-12-23T00:42:46.354000,35.5,40.62074346684446,-105.64292421098443
CYS-SQ-W-2020-22,CYS,22,2020-12-23T00:50:00+00:00,2020-12-23T01:15:00+00:00,41.13848986171205,-105.37113684567744,KCYS,41.15194,-104.8061,2020-12-23T00:48:49.083000,64.0,41.023273551993775,-105.16579549384677
BOU-SQ-W-2020-16,BOU,16,2020-12-23T01:09:00+00:00,2020-12-23T02:15:00+00:00,39.739925303454726,-106.01061870362182,KFTG,39.78663,-104.5458,2020-12-23T01:06:40.883000,26.0,39.826887645984684,-106.33124796544304
GJT-SQ-W-2020-9,GJT,9,2020-12-23T01:11:00+00:00,2020-12-23T01:45:00+00:00,39.6127752534079,-106.44608411977165,KFTG,39.78663,-104.5458,2020-12-23T01:13:46.657000,29.0,39.74988973084759,-106.52043491705886
CYS-SQ-W-2020-23,CYS,23,2020-12-23T01:22:00+00:00,2020-12-23T01:42:00+00:00,41.12228070175439,-105.0142857142857,KCYS,41.15194,-104.8061,2020-12-23T01:22:55.014000,74.5,41.09948810876782,-105.08857341009464
BOU-SQ-W-2020-17,BOU,17,2020-12-23T01:23:00+00:00,2020-12-23T02:00:00+00:00,40.69473890851984,-105.27860227718887,KCYS,41.15194,-104.8061,2020-12-23T01:22:55.014000,44.0,40.938987352823425,-104.99780952353296
PUB-SQ-W-2020-6,PUB,6,2020-12-23T01:31:00+00:00,2020-12-23T02:00:00+00:00,39.063681544028945,-106.30788821873742,KGJX,39.06222,-108.21375,2020-12-23T01:33:32.246000,16.5,39.287192400401665,-106.41724192158311
GJT-SQ-W-2020-11,GJT,11,2020-12-23T01:43:00+00:00,2020-12-23T02:19:00+00:00,39.393469439384745,-106.57787897186803,KGJX,39.06222,-108.21375,2020-12-23T01:41:11.492000,27.0,39.55455594078726,-106.38470125570616
PUB-SQ-W-2020-7,PUB,7,2020-12-23T02:01:00+00:00,2020-12-23T03:00:00+00:00,38.80798533519551,-106.2627793296089,KGJX,39.06222,-108.21375,2020-12-23T02:03:39.339000,15.0,39.19778498269543,-106.46467162365246
PUB-SQ-W-2020-8,PUB,8,2020-12-23T03:00:00+00:00,2020-12-23T03:45:00+00:00,38.63881689115398,-106.16427800024267,KPUX,38.45944,-104.18138,2020-12-23T02:58:39.106000,29.5,38.55251592136415,-106.02864065892457
CYS-SQ-W-2020-24,CYS,24,2020-12-23T06:51:00+00:00,2020-12-23T07:15:00+00:00,41.23430630847689,-104.8187575794081,KCYS,41.15194,-104.8061,2020-12-23T06:50:42.659000,70.0,41.12257482022701,-105.03103902720844
CYS-SQ-W-2020-25,CYS,25,2020-12-23T07:18:00+00:00,2020-12-23T08:00:00+00:00,41.25186352425322,-104.94657440394627,KCYS,41.15194,-104.8061,2020-12-23T07:19:32.438000,76.5,41.09988676512968,-105.14984297155694
RIW-SQ-W-2020-2,RIW,2,2020-12-27T21:26:00+00:00,2020-12-27T22:15:00+00:00,42.94562889482386,-106.49108737123234,KRIW,43.0661,-108.47729,2020-12-27T21:24:32.950000,23.0,42.95760346971943,-106.87803019200251
CYS-SQ-W-2021-1,CYS,1,2021-01-05T23:31:00+00:00,2021-01-06T00:15:00+00:00,41.21703163017032,-104.90868613138687,KCYS,41.15194,-104.8061,2021-01-05T23:34:40.051000,68.5,41.123311321470865,-105.03725962683409
CYS-SQ-W-2021-2,CYS,2,2021-01-05T23:55:00+00:00,2021-01-06T00:45:00+00:00,41.137725383920504,-105.3851544715447,KCYS,41.15194,-104.8061,2021-01-05T23:53:50.925000,48.0,41.149656408596655,-105.24341245982465
CYS-SQ-W-2021-3,CYS,3,2021-01-06T00:17:00+00:00,2021-01-06T01:00:00+00:00,41.10363894346212,-104.9661514953067,KCYS,41.15194,-104.8061,2021-01-06T00:13:00.563000,65.5,41.069109768087415,-105.0946391325395
LBF-SQ-W-2021-1,LBF,1,2021-01-14T19:24:00+00:00,2021-01-14T20:00:00+00:00,41.17428940568475,-102.03855297157621,KLNX,41.95794,-100.57621,2021-01-14T19:24:55.920000,44.0,41.2485717714474,-102.19948736966577
CYS-SQ-W-2021-4,CYS,4,2021-01-14T20:03:00+00:00,2021-01-14T20:30:00+00:00,41.146788830715536,-103.19711169284467,KCYS,41.15194,-104.8061,2021-01-14T20:03:54.863000,30.0,41.05687430936948,-103.12685023316912
CYS-SQ-W-2021-5,CYS,5,2021-01-14T20:28:00+00:00,2021-01-14T21:00:00+00:00,41.21639219274169,-103.49631594998473,KCYS,41.15194,-104.8061,2021-01-14T20:32:21.666000,30.5,41.20598568204344,-103.57915456153519
RLX-SQ-W-2021-2,RLX,2,2021-01-16T21:36:00+00:00,2021-01-16T22:00:00+00:00,38.317570850202415,-81.24726045883939,KRLX,38.3111,-81.72277,2021-01-16T21:38:23.952000,39.0,38.3303883703078,-81.38410099591536
RLX-SQ-W-2021-3,RLX,3,2021-01-16T21:42:00+00:00,2021-01-16T22:15:00+00:00,38.701087866108786,-81.16802649930266,KRLX,38.3111,-81.72277,2021-01-16T21:44:11.582000,39.0,38.54418290126327,-81.39404118836629
RLX-SQ-W-2021-4,RLX,4,2021-01-16T22:44:00+00:00,2021-01-16T23:15:00+00:00,38.659614127897925,-80.66664592085472,KRLX,38.3111,-81.72277,2021-01-16T22:43:06.425000,45.0,38.44615652752761,-81.03423979277059
RLX-SQ-W-2021-5,RLX,5,2021-01-18T11:03:00+00:00,2021-01-18T11:30:00+00:00,38.49239851542565,-81.24713755509163,KRLX,38.3111,-81.72277,2021-01-18T11:05:07.621000,36.0,38.509787217367126,-81.18097928349604
BGM-SQ-W-2021-1,BGM,1,2021-01-20T15:29:00+00:00,2021-01-20T16:00:00+00:00,42.20379814077025,-76.12828685258964,KBGM,42.19969,-75.98472,2021-01-20T15:28:34.785000,40.5,42.341503944516354,-76.32136582877916
RLX-SQ-W-2021-6,RLX,6,2021-01-20T16:21:00+00:00,2021-01-20T16:45:00+00:00,38.26195035460993,-80.77932624113475,KRLX,38.3111,-81.72277,2021-01-20T16:24:20.708000,23.0,38.219380121510284,-80.77797696681999
CTP-SQ-W-2021-1,CTP,1,2021-01-22T16:42:00+00:00,2021-01-22T17:30:00+00:00,41.77948161543098,-77.88737793851716,KCCX,40.92305,-78.00389,2021-01-22T16:43:19.042000,33.5,41.796051202665865,-77.96779226981009
CTP-SQ-W-2021-2,CTP,2,2021-01-22T17:46:00+00:00,2021-01-22T18:30:00+00:00,41.57731281741842,-77.34478453260927,KCCX,40.92305,-78.00389,2021-01-22T17:50:29.064000,37.0,41.61348607304741,-77.69004508034273
CTP-SQ-W-2021-3,CTP,3,2021-01-22T18:43:00+00:00,2021-01-22T20:00:00+00:00,41.521989895064124,-76.91842596191216,KBGM,42.19969,-75.98472,2021-01-22T18:42:50.208000,46.0,41.759764859945165,-76.92893942653635
GJT-SQ-W-2021-1,GJT,1,2021-01-23T17:49:00+00:00,2021-01-23T18:15:00+00:00,39.682712575589285,-106.94087128224118,KGJX,39.06222,-108.21375,2021-01-23T17:44:38.882000,26.5,39.633607109191935,-107.1748672451037
ABQ-SQ-W-2021-1,ABQ,1,2021-01-26T04:41:00+00:00,2021-01-26T05:45:00+00:00,34.87758568164508,-107.44887534907336,KABX,35.14972,-106.82388,2021-01-26T04:40:45.964000,52.5,35.26032892493112,-107.38417072034802
ABQ-SQ-W-2021-2,ABQ,2,2021-01-26T05:42:00+00:00,2021-01-26T06:45:00+00:00,34.87488457916571,-107.0748934870581,KABX,35.14972,-106.82388,2021-01-26T05:40:08.924000,52.0,35.258198380912646,-107.37347235551222
ABQ-SQ-W-2021-3,ABQ,3,2021-01-26T06:36:00+00:00,2021-01-26T07:30:00+00:00,34.99986031608885,-106.61282751917054,KABX,35.14972,-106.82388,2021-01-26T06:34:53.101000,49.0,35.17493380002057,-106.51329779910661
CYS-SQ-W-2021-6,CYS,6,2021-02-03T19:14:00+00:00,2021-02-03T20:03:00+00:00,41.70106884057971,-106.45548007246376,KCYS,41.15194,-104.8061,2021-02-03T19:12:19.300000,32.0,41.672881514403834,-106.31247503645558
CYS-SQ-W-2021-7,CYS,7,2021-02-03T19:31:00+00:00,2021-02-03T20:30:00+00:00,41.48430894308943,-106.00291056910568,KCYS,41.15194,-104.8061,2021-02-03T19:32:44.684000,33.5,41.46334173922782,-105.9528273211669
CYS-SQ-W-2021-8,CYS,8,2021-02-03T19:46:00+00:00,2021-02-03T20:45:00+00:00,41.57410256410257,-106.15717948717946,KCYS,41.15194,-104.8061,2021-02-03T19:46:33.159000,32.5,41.57001644289776,-106.12960642144849
CYS-SQ-W-2021-9,CYS,9,2021-02-03T20:30:00+00:00,2021-02-03T21:15:00+00:00,41.50938315539739,-106.04565836298931,KCYS,41.15194,-104.8061,2021-02-03T20:28:00.878000,31.5,41.44402494086181,-105.9773993966408
CYS-SQ-W-2021-10,CYS,10,2021-02-03T20:30:00+00:00,2021-02-03T21:15:00+00:00,41.50938315539739,-106.04565836298931,KCYS,41.15194,-104.8061,2021-02-03T20:28:00.878000,31.5,41.44402494086181,-105.9773993966408
CYS-SQ-W-2021-11,CYS,11,2021-02-03T21:15:00+00:00,2021-02-03T22:15:00+00:00,41.50905771495877,-106.04542991755005,KCYS,41.15194,-104.8061,2021-02-03T21:14:48.498000,17.5,41.53790798432424,-106.08862653045723
CYS-SQ-W-2021-12,CYS,12,2021-02-03T22:00:00+00:00,2021-02-03T22:45:00+00:00,41.223977591036416,-105.4432492997199,KCYS,41.15194,-104.8061,2021-02-03T21:58:28.086000,35.0,41.18035259604074,-105.41554977832902
CYS-SQ-W-2021-13,CYS,13,2021-02-03T22:41:00+00:00,2021-02-03T23:30:00+00:00,41.20948509485094,-105.42886178861791,KCYS,41.15194,-104.8061,2021-02-03T22:41:31.095000,35.0,41.172639013618536,-105.42503610830795
LKN-SQ-W-2021-3,LKN,3,2021-02-14T03:13:00+00:00,2021-02-14T03:45:00+00:00,40.69927653820149,-116.96428668018933,KLRX,40.73972,-116.80277,2021-02-14T03:13:09.319000,31.5,40.72853021682382,-116.85253980114238
BGM-SQ-W-2021-2,BGM,2,2021-02-20T17:57:00+00:00,2021-02-20T19:00:00+00:00,42.695740779474306,-76.09417137279509,KBGM,42.19969,-75.98472,2021-02-20T17:56:10.933000,42.0,42.544881549285,-75.77353031686917
BGM-SQ-W-2021-3,BGM,3,2021-02-20T18:23:00+00:00,2021-02-20T19:30:00+00:00,42.33188755020081,-75.3158232931727,KBGM,42.19969,-75.98472,2021-02-20T18:24:10.081000,41.5,42.48489613484558,-75.62028731055531
BGM-SQ-W-2021-4,BGM,4,2021-02-20T22:27:00+00:00,2021-02-20T23:15:00+00:00,41.95347448766206,-76.03542555416144,KBGM,42.19969,-75.98472,2021-02-20T22:25:06.013000,42.0,42.02992808725051,-75.90937934912202
CYS-SQ-W-2021-14,CYS,14,2021-02-20T22:30:00+00:00,2021-02-20T23:00:00+00:00,41.19030395826245,-105.27039242372689,KCYS,41.15194,-104.8061,2021-02-20T22:26:59.257000,75.5,41.10001926666292,-105.08567459149043
BGM-SQ-W-2021-5,BGM,5,2021-02-20T22:56:00+00:00,2021-02-20T23:45:00+00:00,42.33013015873016,-76.62575238095238,KBGM,42.19969,-75.98472,2021-02-20T22:55:13.015000,43.5,42.266084109156694,-76.5469249002363
CTP-SQ-W-2021-4,CTP,4,2021-02-22T13:15:00+00:00,2021-02-22T14:45:00+00:00,40.80396896939061,-76.62643063746134,KCCX,40.92305,-78.00389,2021-02-22T13:14:16.188000,31.5,40.29751251639898,-77.15097809262558
CTP-SQ-W-2021-5,CTP,5,2021-02-22T13:28:00+00:00,2021-02-22T14:15:00+00:00,39.95557261676264,-76.47808950024881,KLWX,38.9761,-77.4875,2021-02-22T13:27:59.208000,35.5,39.77459628473208,-77.0299353915254
PIH-SQ-W-2021-1,PIH,1,2021-02-26T22:06:00+00:00,2021-02-26T23:00:00+00:00,42.5358775705404,-113.6814984855731,KSFX,43.10559,-112.68612,2021-02-26T22:05:01.914000,39.5,42.49623119109279,-113.95678040408842
PIH-SQ-W-2021-2,PIH,2,2021-02-26T22:56:00+00:00,2021-02-27T00:00:00+00:00,42.443333333333335,-113.0150684931507,KSFX,43.10559,-112.68612,2021-02-26T22:56:13.652000,58.5,42.69514088609767,-112.89186250754705
LKN-SQ-W-2021-4,LKN,4,2021-02-26T23:09:00+00:00,2021-02-27T00:00:00+00:00,40.76611749772477,-115.752755903626,KLRX,40.73972,-116.80277,2021-02-26T23:08:20.583000,40.0,40.91702057756989,-116.32372938654729
SLC-SQ-W-2021-1,SLC,1,2021-02-26T23:38:00+00:00,2021-02-27T00:30:00+00:00,41.713333333333345,-113.52666666666669,KMTX,41.26277,-112.44777,2021-02-26T23:39:55.859000,50.0,41.81480771138779,-113.35979981583611
SLC-SQ-W-2021-2,SLC,2,2021-02-27T00:30:00+00:00,2021-02-27T01:15:00+00:00,41.83512348953729,-112.70709401709404,KMTX,41.26277,-112.44777,2021-02-27T00:32:40.233000,47.0,41.968755623113225,-113.1458225638233
BTV-SQ-W-2021-1,BTV,1,2021-03-01T18:15:00+00:00,2021-03-01T19:00:00+00:00,44.872491228070174,-73.71908771929824,KCXX,44.5111,-73.16639,2021-03-01T18:14:30.814000,53.5,44.8054772021005,-73.64199648416566
BUF-SQ-W-2021-1,BUF,1,2021-03-01T18:41:00+00:00,2021-03-01T19:30:00+00:00,43.080184943901564,-78.20180275063338,KBUF,42.9486,-78.73694,2021-03-01T18:38:16.552000,46.5,42.947315019325984,-78.64619092024081
BGM-SQ-W-2021-6,BGM,6,2021-03-01T22:53:00+00:00,2021-03-02T00:00:00+00:00,42.157590162126404,-75.47965552737031,KBGM,42.19969,-75.98472,2021-03-01T22:53:36.151000,45.0,42.23802365157138,-76.05405876820771
CAR-SQ-W-2021-1,CAR,1,2021-03-02T01:46:00+00:00,2021-03-02T02:30:00+00:00,46.61900009016319,-67.96115408890091,KCBW,46.03916,-67.80642,2021-03-02T01:46:14.351000,69.0,46.097717001149164,-68.09744920147826
CAR-SQ-W-2021-2,CAR,2,2021-03-02T02:35:00+00:00,2021-03-02T03:45:00+00:00,46.2850373175894,-68.46514982733653,KCBW,46.03916,-67.80642,2021-03-02T02:32:43.936000,67.0,46.09531044726824,-68.10514360737076
GJT-SQ-W-2021-3,GJT,3,2021-03-10T17:05:00+00:00,2021-03-10T18:00:00+00:00,40.46517389437527,-106.9221897810219,KGJX,39.06222,-108.21375,2021-03-10T17:07:36.565000,19.0,40.50609304775002,-107.14733646942248
FGZ-SQ-W-2021-1,FGZ,1,2021-03-13T21:15:00+00:00,2021-03-13T22:00:00+00:00,34.96432809773124,-111.6522687609075,KFSX,34.57433,-111.19843,2021-03-13T21:13:21.755000,38.5,34.843663865010825,-111.71125871684022
FGZ-SQ-W-2021-2,FGZ,2,2021-03-13T21:53:00+00:00,2021-03-13T22:15:00+00:00,34.94222222222222,-111.64473684210523,KFSX,34.57433,-111.19843,2021-03-13T21:52:39.609000,35.0,34.80391542380132,-111.67025640396946
FGZ-SQ-W-2021-3,FGZ,3,2021-03-13T22:37:00+00:00,2021-03-13T23:00:00+00:00,35.03624671916011,-111.65845144356956,KFSX,34.57433,-111.19843,2021-03-13T22:38:08.166000,26.5,35.08954785696969,-111.67852762978065
FGZ-SQ-W-2021-4,FGZ,4,2021-03-13T22:59:00+00:00,2021-03-13T23:45:00+00:00,34.91675824175824,-111.62839743589744,KFSX,34.57433,-111.19843,2021-03-13T22:56:41.500000,36.0,34.897539157628714,-111.70877955292576
FGZ-SQ-W-2021-5,FGZ,5,2021-03-13T23:46:00+00:00,2021-03-14T00:15:00+00:00,34.85523595505617,-111.5596404494382,KFSX,34.57433,-111.19843,2021-03-13T23:47:02.925000,45.0,34.79589395945904,-111.65376411647917
CAR-SQ-W-2021-3,CAR,3,2021-03-14T21:26:00+00:00,2021-03-14T22:15:00+00:00,44.69053044452746,-67.60349831901382,KCBW,46.03916,-67.80642,2021-03-14T21:23:15.528000,40.5,44.7880109291056,-67.48775459516004
RIW-SQ-W-2021-1,RIW,1,2021-03-26T21:30:00+00:00,2021-03-26T22:15:00+00:00,43.3146925566343,-108.33851132686081,KRIW,43.0661,-108.47729,2021-03-26T21:28:00.489000,55.5,43.36921811375948,-108.59909843874767
BOU-SQ-W-2021-1,BOU,1,2021-05-11T20:38:00+00:00,2021-05-11T21:15:00+00:00,39.240371549893844,-104.80726114649681,KFTG,39.78663,-104.5458,2021-05-11T20:35:17.867000,41.0,39.13275718406454,-104.91637612762688
PUB-SQ-W-2021-1,PUB,1,2021-05-11T20:39:00+00:00,2021-05-11T21:15:00+00:00,39.068938848920865,-104.77799760191849,KFTG,39.78663,-104.5458,2021-05-11T20:41:23.895000,35.0,39.08347671561523,-104.90686909910072
PUB-SQ-W-2021-2,PUB,2,2021-05-11T20:44:00+00:00,2021-05-11T21:15:00+00:00,39.068938848920865,-104.77799760191849,KFTG,39.78663,-104.5458,2021-05-11T20:41:23.895000,35.0,39.08347671561523,-104.90686909910072
DTX-SQ-W-2021-1,DTX,1,2021-11-28T19:42:00+00:00,2021-11-28T20:45:00+00:00,42.64404934628469,-83.34979261445142,KDTX,42.69999,-83.47166,2021-11-28T19:43:21.962000,47.0,42.74429666808428,-83.39645173495657
ABQ-SQ-W-2021-4,ABQ,4,2021-12-15T12:03:00+00:00,2021-12-15T12:30:00+00:00,35.93540105827956,-107.11259093044534,KABX,35.14972,-106.82388,2021-12-15T12:01:39.232000,54.0,36.46910327002858,-107.04689375826014
GJT-SQ-W-2021-4,GJT,4,2021-12-15T12:31:00+00:00,2021-12-15T13:15:00+00:00,39.599743933303564,-106.95960920053595,KGJX,39.06222,-108.21375,2021-12-15T12:29:14.696000,38.5,39.4903581017543,-107.39400393514521
ABQ-SQ-W-2021-5,ABQ,5,2021-12-15T12:32:00+00:00,2021-12-15T13:00:00+00:00,36.37472421237653,-106.36572285588736,KABX,35.14972,-106.82388,2021-12-15T12:33:20.770000,56.0,35.8301163618598,-106.73188037800576
PUB-SQ-W-2021-3,PUB,3,2021-12-15T13:02:00+00:00,2021-12-15T13:45:00+00:00,37.553613297085896,-105.97932131444652,KPUX,38.45944,-104.18138,2021-12-15T13:00:36.530000,37.0,37.07623412260861,-105.91518137906321
ABQ-SQ-W-2021-6,ABQ,6,2021-12-15T13:03:00+00:00,2021-12-15T13:30:00+00:00,35.854624217118996,-105.90095337508698,KABX,35.14972,-106.82388,2021-12-15T13:03:18.786000,61.5,35.79486005743311,-105.808831982855
BOU-SQ-W-2021-2,BOU,2,2021-12-15T13:03:00+00:00,2021-12-15T14:00:00+00:00,39.54622082897945,-106.04534656913968,KFTG,39.78663,-104.5458,2021-12-15T13:03:47.646000,7.5,39.68155934365626,-106.18419746904601
GJT-SQ-W-2021-5,GJT,5,2021-12-15T13:10:00+00:00,2021-12-15T14:00:00+00:00,39.625024917953084,-106.69135043150602,KGJX,39.06222,-108.21375,2021-12-15T13:11:53.496000,40.5,39.75874674710071,-106.89326195408837
ABQ-SQ-W-2021-7,ABQ,7,2021-12-15T13:34:00+00:00,2021-12-15T14:00:00+00:00,35.99314811278722,-105.42709439246386,KABX,35.14972,-106.82388,2021-12-15T13:33:03.477000,49.0,35.62098162434343,-105.73385137489886
ABQ-SQ-W-2021-8,ABQ,8,2021-12-15T13:35:00+00:00,2021-12-15T14:00:00+00:00,35.99314811278722,-105.42709439246386,KABX,35.14972,-106.82388,2021-12-15T13:33:03.477000,49.0,35.62098162434343,-105.73385137489886
BOU-SQ-W-2021-3,BOU,3,2021-12-15T13:49:00+00:00,2021-12-15T14:45:00+00:00,39.722136752136755,-105.69188034188033,KFTG,39.78663,-104.5458,2021-12-15T13:47:37.940000,38.0,39.660753359301125,-105.51557693045716
PUB-SQ-W-2021-4,PUB,4,2021-12-15T14:01:00+00:00,2021-12-15T14:45:00+00:00,37.059440267335006,-104.59212197159566,KPUX,38.45944,-104.18138,2021-12-15T14:03:01.780000,33.0,37.11615085447973,-104.75234363057916
CYS-SQ-W-2021-15,CYS,15,2021-12-15T14:38:00+00:00,2021-12-15T15:30:00+00:00,41.67287581699347,-106.32599439775908,KCYS,41.15194,-104.8061,2021-12-15T14:35:59.498000,15.0,41.78155174937027,-106.47686908617806
PUB-SQ-W-2021-5,PUB,5,2021-12-15T15:30:00+00:00,2021-12-15T16:15:00+00:00,39.00678386297049,-104.50454586432274,KPUX,38.45944,-104.18138,2021-12-15T15:29:48.652000,41.5,39.041233570056356,-104.7313438424367
LBF-SQ-W-2021-2,LBF,2,2021-12-15T21:17:00+00:00,2021-12-15T22:00:00+00:00,41.75159253157606,-100.3561559582647,KLNX,41.95794,-100.57621,2021-12-15T21:19:57.419000,49.0,41.837296070047486,-100.457601646296
LBF-SQ-W-2021-3,LBF,3,2021-12-15T21:46:00+00:00,2021-12-15T22:15:00+00:00,42.62301499846955,-100.53117232935415,KLNX,41.95794,-100.57621,2021-12-15T21:48:23.286000,47.5,42.39349933420679,-100.43189013683417
LBF-SQ-W-2021-4,LBF,4,2021-12-15T21:53:00+00:00,2021-12-15T22:30:00+00:00,41.87846881309107,-100.61695356497715,KLNX,41.95794,-100.57621,2021-12-15T21:55:13.989000,49.5,42.048952726643606,-100.57245812381534
UNR-SQ-W-2021-1,UNR,1,2021-12-15T22:00:00+00:00,2021-12-15T23:00:00+00:00,43.34649121432861,-100.56587713114538,KLNX,41.95794,-100.57621,2021-12-15T22:01:25.830000,42.0,43.094604238307156,-100.48801038469715
LBF-SQ-W-2021-5,LBF,5,2021-12-15T22:05:00+00:00,2021-12-15T22:45:00+00:00,42.58320752187817,-100.64617491047663,KLNX,41.95794,-100.57621,2021-12-15T22:07:23.523000,45.5,42.334414167182196,-100.34142247841304
GID-SQ-W-2021-1,GID,1,2021-12-15T22:31:00+00:00,2021-12-15T23:30:00+00:00,40.80779258642232,-99.66441621546578,KUEX,40.32083,-98.44194,2021-12-15T22:29:19.384000,54.0,40.777795082752306,-99.4662243753602
UNR-SQ-W-2021-2,UNR,2,2021-12-15T23:01:00+00:00,2021-12-15T23:45:00+00:00,43.35106863069625,-100.16648846960166,KLNX,41.95794,-100.57621,2021-12-15T23:00:00,34.5,43.12550084673572,-100.15467181431738
TFX-SQ-W-2021-1,TFX,1,2021-12-24T01:34:00+00:00,2021-12-24T02:30:00+00:00,47.689933970523846,-110.72406464322195,KTFX,47.45972,-111.38527,2021-12-24T01:36:16.801000,51.0,47.34223789174465,-110.6362487345639
SLC-SQ-W-2021-3,SLC,3,2021-12-24T22:08:00+00:00,2021-12-24T23:00:00+00:00,41.76810514153669,-112.91742345465049,KMTX,41.26277,-112.44777,2021-12-24T22:08:26.838000,47.5,41.85319060809695,-112.97854573378326
LKN-SQ-W-2021-5,LKN,5,2021-12-24T23:12:00+00:00,2021-12-25T00:00:00+00:00,41.59641937309843,-116.40775454609778,KLRX,40.73972,-116.80277,2021-12-24T23:12:27.031000,55.0,41.26069234467485,-117.02467905976516
BOI-SQ-W-2021-1,BOI,1,2021-12-25T02:59:00+00:00,2021-12-25T03:30:00+00:00,43.62389677848571,-116.2589291471559,KCBX,43.49021,-116.23602,2021-12-25T02:59:59.229000,47.0,43.49677885586442,-116.39847755741515
MSO-SQ-W-2021-1,MSO,1,2021-12-25T03:39:00+00:00,2021-12-25T05:00:00+00:00,47.4380303030303,-115.66727272727273,KMSX,47.0411,-113.9861,2021-12-25T03:37:28.487000,23.0,47.45155811751526,-115.68164301708704
REV-SQ-W-2021-1,REV,1,2021-12-26T09:26:00+00:00,2021-12-26T11:00:00+00:00,39.56462894248608,-119.78749845392703,KRGX,39.75405,-119.46202,2021-12-26T09:26:21.012000,34.5,39.57041224090315,-119.7630075929625
PIH-SQ-W-2021-3,PIH,3,2021-12-26T10:59:00+00:00,2021-12-26T12:00:00+00:00,42.643681462141,-113.26333768494342,KSFX,43.10559,-112.68612,2021-12-26T10:58:30.669000,58.0,42.69096779806824,-112.89418460375883
SLC-SQ-W-2021-4,SLC,4,2021-12-26T15:17:00+00:00,2021-12-26T16:15:00+00:00,41.26365333333333,-110.66063999999997,KMTX,41.26277,-112.44777,2021-12-26T15:15:26.150000,28.5,41.23582189001934,-111.20585775163934
RIW-SQ-W-2021-2,RIW,2,2021-12-26T16:31:00+00:00,2021-12-26T17:15:00+00:00,41.43473483450227,-109.59004429678845,KRIW,43.0661,-108.47729,2021-12-26T16:29:21.773000,17.5,41.69036407623138,-109.42296709920907
RIW-SQ-W-2021-3,RIW,3,2021-12-26T17:12:00+00:00,2021-12-26T18:00:00+00:00,41.64564096292931,-109.10839989285256,KRIW,43.0661,-108.47729,2021-12-26T17:10:20.335000,29.5,41.99082976788186,-108.92630632283365
GJT-SQ-W-2021-6,GJT,6,2021-12-26T17:37:00+00:00,2021-12-26T18:00:00+00:00,40.943333333333335,-109.46999999999998,KGJX,39.06222,-108.21375,2021-12-26T17:39:22.257000,13.0,40.99619304745079,-109.2909658190787
RIW-SQ-W-2021-4,RIW,4,2021-12-26T18:00:00+00:00,2021-12-26T18:45:00+00:00,41.61151568859131,-108.72489103321517,KRIW,43.0661,-108.47729,2021-12-26T17:58:41.713000,40.5,42.08752708530198,-108.20314151874142
GJT-SQ-W-2021-7,GJT,7,2021-12-26T18:19:00+00:00,2021-12-26T18:45:00+00:00,40.06496929703968,-108.73050866098433,KGJX,39.06222,-108.21375,2021-12-26T18:22:52.474000,39.0,39.73459360103937,-109.1820771752506
RIW-SQ-W-2021-5,RIW,5,2021-12-26T18:38:00+00:00,2021-12-26T19:30:00+00:00,41.643558660866674,-108.2436759441044,KRIW,43.0661,-108.47729,2021-12-26T18:37:10.781000,39.5,42.02106303362197,-107.7700821574196
GJT-SQ-W-2021-8,GJT,8,2021-12-26T18:45:00+00:00,2021-12-26T19:15:00+00:00,40.08437950021177,-108.54522659889878,KGJX,39.06222,-108.21375,2021-12-26T18:48:56.472000,40.5,39.968498768160664,-108.6859116390427
GJT-SQ-W-2021-9,GJT,9,2021-12-26T19:11:00+00:00,2021-12-26T19:45:00+00:00,39.82090628090998,-108.41101879327398,KGJX,39.06222,-108.21375,2021-12-26T19:15:03.132000,40.0,39.61813611849364,-108.67862157797146
GJT-SQ-W-2021-10,GJT,10,2021-12-26T19:14:00+00:00,2021-12-26T19:45:00+00:00,40.57418412205845,-107.73367726920095,KGJX,39.06222,-108.21375,2021-12-26T19:15:03.132000,31.5,40.4846714362787,-107.65034082252407
PIH-SQ-W-2021-4,PIH,4,2021-12-26T19:40:00+00:00,2021-12-26T20:30:00+00:00,42.968047985445175,-111.89323617480952,KSFX,43.10559,-112.68612,2021-12-26T19:39:27.816000,67.5,43.36216173654596,-111.85513480527396
GJT-SQ-W-2021-11,GJT,11,2021-12-26T19:43:00+00:00,2021-12-26T20:15:00+00:00,40.080245284729784,-107.8000154153065,KGJX,39.06222,-108.21375,2021-12-26T19:43:07.727000,37.0,40.2452104152262,-107.80542665574167
CYS-SQ-W-2021-17,CYS,17,2021-12-26T19:54:00+00:00,2021-12-26T20:45:00+00:00,41.4281160741416,-105.93598602248557,KCYS,41.15194,-104.8061,2021-12-26T19:57:16.502000,31.0,41.325630474344806,-105.43936677581266
GJT-SQ-W-2021-12,GJT,12,2021-12-26T20:07:00+00:00,2021-12-26T20:30:00+00:00,40.51843158399233,-107.11711718188354,KGJX,39.06222,-108.21375,2021-12-26T20:07:54.665000,36.0,40.473254751318386,-107.29780646408115
BOU-SQ-W-2021-4,BOU,4,2021-12-26T20:33:00+00:00,2021-12-26T21:30:00+00:00,40.11063653596727,-106.22503641624265,KFTG,39.78663,-104.5458,2021-12-26T20:29:36.506000,9.5,40.02687604824616,-106.4941357591949
PIH-SQ-W-2021-5,PIH,5,2021-12-26T20:34:00+00:00,2021-12-26T21:00:00+00:00,42.90854873205011,-111.46100650342629,KSFX,43.10559,-112.68612,2021-12-26T20:35:18.776000,59.0,43.4873081009158,-111.82838535258546
GJT-SQ-W-2021-13,GJT,13,2021-12-26T20:37:00+00:00,2021-12-26T21:00:00+00:00,40.49674857698181,-107.05414965986394,KGJX,39.06222,-108.21375,2021-12-26T20:38:51.440000,19.5,40.45145859736131,-107.23092316015797
CYS-SQ-W-2021-18,CYS,18,2021-12-26T20:40:00+00:00,2021-12-26T21:30:00+00:00,41.236479481641474,-105.50337712982962,KCYS,41.15194,-104.8061,2021-12-26T20:38:17.072000,71.0,41.06887003133449,-105.11993782123933
GJT-SQ-W-2021-14,GJT,14,2021-12-26T20:40:00+00:00,2021-12-26T21:15:00+00:00,39.157368855058685,-108.32752743418969,KGJX,39.06222,-108.21375,2021-12-26T20:38:51.440000,39.5,39.42298481739639,-108.20751300377597
GJT-SQ-W-2021-15,GJT,15,2021-12-26T20:56:00+00:00,2021-12-26T21:30:00+00:00,40.49674857698181,-107.05414965986394,KGJX,39.06222,-108.21375,2021-12-26T20:57:25.880000,11.0,40.558340289950756,-107.08357377468305
GJT-SQ-W-2021-16,GJT,16,2021-12-26T21:05:00+00:00,2021-12-26T21:30:00+00:00,39.55606168446025,-107.69266310794781,KGJX,39.06222,-108.21375,2021-12-26T21:03:36.435000,38.5,39.448364170196335,-107.89156330275662
CYS-SQ-W-2021-19,CYS,19,2021-12-26T21:29:00+00:00,2021-12-26T22:15:00+00:00,41.13788333959194,-105.0966241081487,KCYS,41.15194,-104.8061,2021-12-26T21:29:36.302000,72.5,41.132821796177204,-105.01796934470438
GJT-SQ-W-2021-17,GJT,17,2021-12-26T21:39:00+00:00,2021-12-26T22:00:00+00:00,39.5064484263726,-107.24261428899607,KGJX,39.06222,-108.21375,2021-12-26T21:40:44.098000,33.0,39.53366273804115,-107.32642750515575
GJT-SQ-W-2021-18,GJT,18,2021-12-26T21:59:00+00:00,2021-12-26T22:30:00+00:00,39.48628985507246,-107.19514202898549,KGJX,39.06222,-108.21375,2021-12-26T21:59:16.327000,32.5,39.48849075478399,-107.31308579610649
OTX-SQ-W-2021-1,OTX,1,2021-12-26T22:28:00+00:00,2021-12-26T23:15:00+00:00,47.60478770131772,-116.84729136163982,KOTX,47.68055,-117.62582,2021-12-26T22:30:08.632000,43.0,47.298313290147796,-116.79028924978805
OTX-SQ-W-2021-2,OTX,2,2021-12-26T23:09:00+00:00,2021-12-27T00:00:00+00:00,47.02114441573356,-117.02885099052538,KOTX,47.68055,-117.62582,2021-12-26T23:07:09.424000,53.5,47.18203727780915,-116.78114815503886
OTX-SQ-W-2021-3,OTX,3,2021-12-27T00:02:00+00:00,2021-12-27T00:30:00+00:00,47.098998682476946,-116.94686632208372,KOTX,47.68055,-117.62582,2021-12-27T00:02:57.535000,46.0,47.07473516571551,-117.20799129896223
LKN-SQ-W-2021-6,LKN,6,2021-12-27T19:37:00+00:00,2021-12-27T20:00:00+00:00,40.68765425297487,-116.09443514029674,KLRX,40.73972,-116.80277,2021-12-27T19:39:45.368000,45.0,40.400242551592164,-116.86730120697446
LKN-SQ-W-2021-7,LKN,7,2021-12-27T20:04:00+00:00,2021-12-27T20:30:00+00:00,40.537654252974875,-115.96443514029676,KLRX,40.73972,-116.80277,2021-12-27T20:08:40.178000,41.5,40.55530038203743,-116.0762948070809
SLC-SQ-W-2021-5,SLC,5,2021-12-27T23:01:00+00:00,2021-12-27T23:30:00+00:00,41.303083297613945,-112.11262751821688,KMTX,41.26277,-112.44777,2021-12-27T23:03:37.284000,44.0,41.29539725162842,-112.30306321276585
SLC-SQ-W-2021-6,SLC,6,2021-12-27T23:27:00+00:00,2021-12-28T00:15:00+00:00,41.11720166320166,-112.00394871794872,KMTX,41.26277,-112.44777,2021-12-27T23:25:15.652000,45.0,41.25846545678925,-112.0694752368166
SLC-SQ-W-2021-7,SLC,7,2021-12-27T23:31:00+00:00,2021-12-28T00:15:00+00:00,40.6801099523001,-112.5435621311343,KMTX,41.26277,-112.44777,2021-12-27T23:31:52.695000,48.0,40.581304978438084,-112.90930372514185
SLC-SQ-W-2021-8,SLC,8,2021-12-27T23:51:00+00:00,2021-12-28T00:45:00+00:00,40.70205486820871,-111.96318271472116,KMTX,41.26277,-112.44777,2021-12-27T23:50:55.758000,45.5,40.57468891996671,-112.29209019082313
SLC-SQ-W-2021-9,SLC,9,2021-12-28T00:02:00+00:00,2021-12-28T00:45:00+00:00,41.1805500381971,-111.37024064171123,KMTX,41.26277,-112.44777,2021-12-28T00:04:39.509000,42.0,41.10511042329562,-111.71693733721499
SLC-SQ-W-2021-10,SLC,10,2021-12-28T00:24:00+00:00,2021-12-28T01:30:00+00:00,41.28750724637681,-110.5435652173913,KMTX,41.26277,-112.44777,2021-12-28T00:25:56.834000,18.0,41.39390450962588,-110.96863887461178
SLC-SQ-W-2021-11,SLC,11,2021-12-28T00:45:00+00:00,2021-12-28T01:45:00+00:00,40.39718170220521,-111.81949079642794,KMTX,41.26277,-112.44777,2021-12-28T00:47:13.017000,40.5,40.676574290699584,-111.79572314744998
RIW-SQ-W-2021-6,RIW,6,2021-12-28T03:51:00+00:00,2021-12-28T04:45:00+00:00,41.71649561306496,-107.9715291602153,KRIW,43.0661,-108.47729,2021-12-28T03:52:45.940000,33.5,41.60326949941766,-108.1938263186861
LOT-SQ-W-2022-1,LOT,1,2022-01-05T15:34:00+00:00,2022-01-05T16:30:00+00:00,41.41910183099405,-87.46779876393461,KLOT,41.60444,-88.08444,2022-01-05T15:35:35.705000,36.0,41.33042521082111,-88.04765437865683
MSO-SQ-W-2022-1,MSO,1,2022-01-05T22:57:00+00:00,2022-01-06T00:30:00+00:00,46.849490067261065,-113.96882058501485,KMSX,47.0411,-113.9861,2022-01-05T22:59:14.456000,37.5,46.803211632133674,-113.94506619357446
MSO-SQ-W-2022-2,MSO,2,2022-01-06T00:29:00+00:00,2022-01-06T01:30:00+00:00,46.92047717130106,-114.11836937864746,KMSX,47.0411,-113.9861,2022-01-06T00:27:55.630000,37.5,47.07260938158945,-114.51054981833158
MSO-SQ-W-2022-3,MSO,3,2022-01-06T01:19:00+00:00,2022-01-06T02:45:00+00:00,46.62158089471914,-113.01054490413723,KMSX,47.0411,-113.9861,2022-01-06T01:21:05.566000,23.5,46.573407346890406,-112.9395569394692
LMK-SQ-W-2022-1,LMK,1,2022-01-28T22:16:00+00:00,2022-01-28T23:15:00+00:00,38.14762188314104,-85.64241533308522,KLVX,37.97527,-85.94388,2022-01-28T22:13:26.694000,39.0,38.13907414342341,-85.55489706682071
MSO-SQ-W-2022-4,MSO,4,2022-02-01T23:58:00+00:00,2022-02-02T00:45:00+00:00,48.32082382762991,-114.14782002534854,KMSX,47.0411,-113.9861,2022-02-01T23:58:06.589000,31.0,48.24377896178701,-114.1207500699164
PHI-SQ-W-2022-1,PHI,1,2022-02-05T14:41:00+00:00,2022-02-05T15:30:00+00:00,40.37758169934641,-76.0173202614379,KDIX,39.94694,-74.41072,2022-02-05T14:41:12.182000,9.0,40.22096062322306,-75.87024364769279
UNR-SQ-W-2022-1,UNR,1,2022-02-11T15:00:00+00:00,2022-02-11T15:30:00+00:00,44.22278766310795,-102.96817319098459,KUDX,44.12471,-102.82999,2022-02-11T14:58:36.414000,48.0,44.13115374449008,-102.87132540809202
LBF-SQ-W-2022-1,LBF,1,2022-02-11T15:02:00+00:00,2022-02-11T15:30:00+00:00,42.440382189114835,-100.4454852023354,KLNX,41.95794,-100.57621,2022-02-11T15:02:35.121000,38.5,42.79619026241879,-100.64102239692099
UNR-SQ-W-2022-2,UNR,2,2022-02-11T15:32:00+00:00,2022-02-11T16:00:00+00:00,44.063244613434726,-103.1087959442332,KUDX,44.12471,-102.82999,2022-02-11T15:33:23.298000,52.5,44.104562864571825,-103.19686332722283
LBF-SQ-W-2022-2,LBF,2,2022-02-11T15:39:00+00:00,2022-02-11T16:15:00+00:00,42.40344994640943,-100.41516141479097,KLNX,41.95794,-100.57621,2022-02-11T15:39:47.918000,41.0,42.41848428234078,-100.42937129676655
LBF-SQ-W-2022-3,LBF,3,2022-02-11T16:46:00+00:00,2022-02-11T17:15:00+00:00,41.74537454747982,-99.63306321358954,KLNX,41.95794,-100.57621,2022-02-11T16:47:23.032000,35.5,41.522752630124884,-99.50625878030424
LBF-SQ-W-2022-4,LBF,4,2022-02-11T17:45:00+00:00,2022-02-11T18:15:00+00:00,41.1312491755705,-100.7027516158818,KLNX,41.95794,-100.57621,2022-02-11T17:43:37.140000,44.0,41.19653991577018,-100.79585706978382
LBF-SQ-W-2022-5,LBF,5,2022-02-11T19:24:00+00:00,2022-02-11T20:00:00+00:00,42.48153645310303,-102.48566445738768,KLNX,41.95794,-100.57621,2022-02-11T19:25:04.787000,28.5,42.39839135702009,-102.44805147513057
ILN-SQ-W-2022-1,ILN,1,2022-02-13T22:45:00+00:00,2022-02-13T23:30:00+00:00,40.227137786382706,-84.19293804453051,KILN,39.42027,-83.82166,2022-02-13T22:45:36.081000,33.5,40.127191010450694,-84.3192925774109
BIS-SQ-W-2022-1,BIS,1,2022-02-13T23:44:00+00:00,2022-02-14T00:45:00+00:00,48.507391364199506,-101.07985698771775,KMBX,48.39249,-100.86443,2022-02-13T23:41:03.196000,45.5,48.43082737025738,-100.8810298668189
BIS-SQ-W-2022-2,BIS,2,2022-02-14T00:44:00+00:00,2022-02-14T01:30:00+00:00,47.76581890367998,-99.82482767824376,KMBX,48.39249,-100.86443,2022-02-14T00:41:57.961000,39.0,47.83594971808652,-100.2123741506572
LKN-SQ-W-2022-1,LKN,1,2022-02-15T13:57:00+00:00,2022-02-15T14:45:00+00:00,40.61932699341624,-116.11371372835896,KLRX,40.73972,-116.80277,2022-02-15T13:56:01.041000,41.5,40.50887272606323,-116.20461877942947
GJT-SQ-W-2022-1,GJT,1,2022-02-16T19:47:00+00:00,2022-02-16T20:15:00+00:00,39.426141099495055,-106.77208448901214,KGJX,39.06222,-108.21375,2022-02-16T19:45:12.496000,34.5,39.43216240013779,-106.85081706782309
GJT-SQ-W-2022-2,GJT,2,2022-02-16T20:20:00+00:00,2022-02-16T20:45:00+00:00,39.24635802469135,-107.08728395061726,KGJX,39.06222,-108.21375,2022-02-16T20:21:45.928000,33.5,39.349607229971355,-107.16165490816219
GJT-SQ-W-2022-3,GJT,3,2022-02-16T21:07:00+00:00,2022-02-16T21:30:00+00:00,39.35613880742913,-106.94288758553274,KGJX,39.06222,-108.21375,2022-02-16T21:10:31.281000,30.5,39.40743217084279,-106.94443623374194
GJT-SQ-W-2022-4,GJT,4,2022-02-16T21:34:00+00:00,2022-02-16T22:00:00+00:00,39.33594453165881,-106.89242909471483,KGJX,39.06222,-108.21375,2022-02-16T21:34:52.771000,29.0,39.38960688513484,-106.90011159848386
DLH-SQ-W-2022-1,DLH,1,2022-02-18T19:22:00+00:00,2022-02-18T19:45:00+00:00,46.611190040650406,-92.0446463414634,KDLH,46.83694,-92.20971,2022-02-18T19:25:26.363000,43.0,46.68052301056484,-92.34261321072164
DLH-SQ-W-2022-2,DLH,2,2022-02-18T19:46:00+00:00,2022-02-18T20:15:00+00:00,46.55563347667879,-91.8855298268828,KDLH,46.83694,-92.20971,2022-02-18T19:44:59.513000,42.5,46.44104572912689,-92.28273312811271
DLH-SQ-W-2022-3,DLH,3,2022-02-18T20:31:00+00:00,2022-02-18T21:00:00+00:00,46.51266254886163,-91.11375854146151,KDLH,46.83694,-92.20971,2022-02-18T20:29:19.955000,40.5,46.69911477093108,-91.43284846498076
DLH-SQ-W-2022-4,DLH,4,2022-02-18T21:16:00+00:00,2022-02-18T21:45:00+00:00,46.55507111935683,-90.73522572665429,KDLH,46.83694,-92.20971,2022-02-18T21:14:35.330000,34.0,46.54368542295045,-90.78967913402514
DLH-SQ-W-2022-5,DLH,5,2022-02-18T21:32:00+00:00,2022-02-18T22:15:00+00:00,46.398517105083826,-90.58305983371952,KDLH,46.83694,-92.20971,2022-02-18T21:31:13.956000,33.0,46.64537217673643,-90.74186344785242
ARX-SQ-W-2022-1,ARX,1,2022-02-18T21:34:00+00:00,2022-02-18T22:00:00+00:00,44.27161601258975,-90.71911871741911,KARX,43.82277,-91.1911,2022-02-18T21:32:51.332000,36.0,44.233204356476485,-91.31027059065504
ARX-SQ-W-2022-2,ARX,2,2022-02-18T22:01:00+00:00,2022-02-18T23:00:00+00:00,44.05243251238813,-90.73656460320981,KARX,43.82277,-91.1911,2022-02-18T22:02:09.400000,38.5,43.98190417346368,-91.39577171815716
DLH-SQ-W-2022-6,DLH,6,2022-02-18T22:17:00+00:00,2022-02-18T22:45:00+00:00,46.20877042277244,-90.38772893155915,KDLH,46.83694,-92.20971,2022-02-18T22:15:40.351000,24.0,46.23404985846834,-90.76719832196193
ARX-SQ-W-2022-3,ARX,3,2022-02-18T22:57:00+00:00,2022-02-19T00:00:00+00:00,43.88018668342366,-90.14836881103867,KARX,43.82277,-91.1911,2022-02-18T23:00:45.616000,38.0,43.74537452996648,-90.77335813871947
GRB-SQ-W-2022-1,GRB,1,2022-02-18T23:18:00+00:00,2022-02-19T00:00:00+00:00,44.24364926507855,-89.26511150532185,KGRB,44.49862,-88.1111,2022-02-18T23:16:51.861000,37.5,44.26880915046013,-89.29653113094473
MKX-SQ-W-2022-1,MKX,1,2022-02-18T23:27:00+00:00,2022-02-19T00:30:00+00:00,43.6664258478828,-89.56339855508729,KMKX,42.96777,-88.55055,2022-02-18T23:27:34.940000,29.5,43.86180186278453,-89.55103391022708
GRB-SQ-W-2022-2,GRB,2,2022-02-18T23:43:00+00:00,2022-02-19T00:45:00+00:00,44.1576723223754,-88.65896924708376,KGRB,44.49862,-88.1111,2022-02-18T23:45:19.956000,46.5,44.2157056888803,-88.17540353640283
MKX-SQ-W-2022-2,MKX,2,2022-02-18T23:59:00+00:00,2022-02-19T01:00:00+00:00,43.47337439560706,-89.33863644094562,KMKX,42.96777,-88.55055,2022-02-18T23:59:35.951000,35.5,43.86247425879595,-89.17718343800108
GRB-SQ-W-2022-3,GRB,3,2022-02-19T00:17:00+00:00,2022-02-19T01:15:00+00:00,44.25676763650858,-88.00048624950182,KGRB,44.49862,-88.1111,2022-02-19T00:18:30.940000,63.5,44.34501425086412,-87.91956554076036
MKX-SQ-W-2022-3,MKX,3,2022-02-19T00:22:00+00:00,2022-02-19T01:15:00+00:00,43.72469460378161,-88.170142341194,KGRB,44.49862,-88.1111,2022-02-19T00:23:14.739000,37.0,43.88855893321483,-88.56442309465211
MKX-SQ-W-2022-4,MKX,4,2022-02-19T00:46:00+00:00,2022-02-19T01:45:00+00:00,43.29754330292213,-88.73665652959583,KMKX,42.96777,-88.55055,2022-02-19T00:45:26.368000,50.5,43.398107267984116,-88.4863537151484
MKX-SQ-W-2022-5,MKX,5,2022-02-19T01:15:00+00:00,2022-02-19T02:00:00+00:00,43.71889748766264,-87.94680462090624,KGRB,44.49862,-88.1111,2022-02-19T01:14:34.453000,35.5,43.70437284665451,-87.87199084489967
MKX-SQ-W-2022-6,MKX,6,2022-02-19T01:20:00+00:00,2022-02-19T02:15:00+00:00,42.85652081109925,-89.21940234791889,KMKX,42.96777,-88.55055,2022-02-19T01:20:53.442000,36.5,42.83198088659087,-89.45399141047983
MKX-SQ-W-2022-7,MKX,7,2022-02-19T01:28:00+00:00,2022-02-19T02:30:00+00:00,43.235612511827235,-88.20345299716146,KMKX,42.96777,-88.55055,2022-02-19T01:25:52.081000,37.0,43.54651722511975,-87.89612077869936
DVN-SQ-W-2022-1,DVN,1,2022-02-19T01:32:00+00:00,2022-02-19T02:30:00+00:00,42.21225532609582,-90.08526460425,KDVN,41.61166,-90.58083,2022-02-19T01:29:52.052000,35.0,42.483825332134664,-89.84697918667051
MKX-SQ-W-2022-8,MKX,8,2022-02-19T01:36:00+00:00,2022-02-19T02:30:00+00:00,42.58965752670411,-89.78924017178726,KMKX,42.96777,-88.55055,2022-02-19T01:38:12.019000,36.0,42.528306196134785,-89.69362568038872
LOT-SQ-W-2022-2,LOT,2,2022-02-19T01:46:00+00:00,2022-02-19T02:45:00+00:00,42.254271995977874,-89.17617244846656,KMKX,42.96777,-88.55055,2022-02-19T01:44:21.925000,37.5,42.44254013185271,-89.17138817467772
MKX-SQ-W-2022-9,MKX,9,2022-02-19T01:47:00+00:00,2022-02-19T02:45:00+00:00,42.748847736625514,-88.76341258954429,KMKX,42.96777,-88.55055,2022-02-19T01:44:21.925000,37.5,42.74194743486339,-88.98437897723919
MKX-SQ-W-2022-10,MKX,10,2022-02-19T02:06:00+00:00,2022-02-19T03:00:00+00:00,42.95472495657208,-88.02600077205169,KMKX,42.96777,-88.55055,2022-02-19T02:09:02.270000,36.0,43.111835279836555,-87.92742923964178
DVN-SQ-W-2022-2,DVN,2,2022-02-19T02:11:00+00:00,2022-02-19T03:15:00+00:00,41.75873461349088,-90.68587600525191,KDVN,41.61166,-90.58083,2022-02-19T02:13:01.272000,46.5,41.60307007528225,-90.70508442725509
DVN-SQ-W-2022-3,DVN,3,2022-02-19T02:27:00+00:00,2022-02-19T03:30:00+00:00,41.9004114168704,-90.0286232474561,KDVN,41.61166,-90.58083,2022-02-19T02:27:19.851000,39.5,41.95620350412405,-89.94576093466226
MKX-SQ-W-2022-11,MKX,11,2022-02-19T02:28:00+00:00,2022-02-19T03:30:00+00:00,42.667797875394776,-88.31991099626757,KMKX,42.96777,-88.55055,2022-02-19T02:27:33.622000,39.5,42.76594255205238,-88.42674157033035
DVN-SQ-W-2022-4,DVN,4,2022-02-19T02:38:00+00:00,2022-02-19T03:30:00+00:00,41.432996872427985,-91.21186600823046,KDVN,41.61166,-90.58083,2022-02-19T02:34:29.512000,40.5,41.65733411107485,-91.03849564560676
LOT-SQ-W-2022-3,LOT,3,2022-02-19T02:42:00+00:00,2022-02-19T03:45:00+00:00,42.13671096613104,-88.96979722926986,KLOT,41.60444,-88.08444,2022-02-19T02:41:20.465000,35.5,42.31556093514937,-88.99364189710496
MKX-SQ-W-2022-12,MKX,12,2022-02-19T02:50:00+00:00,2022-02-19T03:45:00+00:00,42.620231481481476,-87.97020233196157,KMKX,42.96777,-88.55055,2022-02-19T02:51:31.528000,32.5,42.614702085592555,-88.13075922827893
DVN-SQ-W-2022-5,DVN,5,2022-02-19T03:14:00+00:00,2022-02-19T03:45:00+00:00,41.58855038236618,-90.69052181736392,KDVN,41.61166,-90.58083,2022-02-19T03:17:26.278000,45.5,41.610210628400424,-90.89204501012193
LOT-SQ-W-2022-4,LOT,4,2022-02-19T03:30:00+00:00,2022-02-19T04:30:00+00:00,41.982260299625466,-88.63626104868914,KLOT,41.60444,-88.08444,2022-02-19T03:29:23.062000,35.0,42.49553414716554,-88.0580791528694
DVN-SQ-W-2022-6,DVN,6,2022-02-19T03:31:00+00:00,2022-02-19T04:30:00+00:00,41.45288550267121,-89.96528169014086,KDVN,41.61166,-90.58083,2022-02-19T03:31:44.558000,50.0,41.47800345709385,-90.58788415460347
LOT-SQ-W-2022-5,LOT,5,2022-02-19T04:05:00+00:00,2022-02-19T05:00:00+00:00,41.39592434266327,-88.67868804071246,KLOT,41.60444,-88.08444,2022-02-19T04:07:20.164000,42.0,41.66994513960105,-88.57755932519346
PBZ-SQ-W-2022-1,PBZ,1,2022-02-19T12:41:00+00:00,2022-02-19T13:15:00+00:00,41.34081169800061,-80.11846836765145,KPBZ,40.53166,-80.21794,2022-02-19T12:41:56.123000,42.0,41.43864989502965,-80.20236371020107
PBZ-SQ-W-2022-2,PBZ,2,2022-02-19T13:01:00+00:00,2022-02-19T13:30:00+00:00,40.912108061325426,-80.35069609297726,KPBZ,40.53166,-80.21794,2022-02-19T13:00:40.593000,38.0,40.92647252273677,-80.43708043740153
PBZ-SQ-W-2022-3,PBZ,3,2022-02-19T13:13:00+00:00,2022-02-19T13:45:00+00:00,41.29024883359254,-79.75118455158112,KPBZ,40.53166,-80.21794,2022-02-19T13:11:02.756000,38.0,41.40271832033802,-79.82360139679417
BUF-SQ-W-2022-1,BUF,1,2022-02-19T13:21:00+00:00,2022-02-19T14:15:00+00:00,42.68778137943454,-77.63874182123777,KBUF,42.9486,-78.73694,2022-02-19T13:21:40.715000,34.0,42.26946137161634,-78.28457468983818
BGM-SQ-W-2022-1,BGM,1,2022-02-19T13:40:00+00:00,2022-02-19T14:30:00+00:00,42.35047978165625,-77.44749335631688,KBGM,42.19969,-75.98472,2022-02-19T13:41:23.735000,8.0,42.556610732354464,-77.65207316922475
CTP-SQ-W-2022-1,CTP,1,2022-02-19T13:47:00+00:00,2022-02-19T15:15:00+00:00,41.6143652626105,-78.26491045241812,KCCX,40.92305,-78.00389,2022-02-19T13:45:22.633000,32.5,41.908034849572935,-78.46600494733427
BGM-SQ-W-2022-2,BGM,2,2022-02-19T13:55:00+00:00,2022-02-19T14:45:00+00:00,42.97363968296374,-76.57904265740494,KBGM,42.19969,-75.98472,2022-02-19T13:56:33.005000,25.5,42.99126526704864,-76.56736331293055
CTP-SQ-W-2022-2,CTP,2,2022-02-19T14:00:00+00:00,2022-02-19T15:30:00+00:00,41.00992196944719,-78.47525332454116,KCCX,40.92305,-78.00389,2022-02-19T14:01:38.737000,30.5,40.81073886741431,-78.50691018418664
BTV-SQ-W-2022-1,BTV,1,2022-02-19T14:02:00+00:00,2022-02-19T14:45:00+00:00,44.55819056309645,-75.27182882780122,KTYX,43.75582,-75.68,2022-02-19T13:59:58.176000,36.0,44.50642600665475,-75.73962249726377
BGM-SQ-W-2022-3,BGM,3,2022-02-19T14:29:00+00:00,2022-02-19T15:30:00+00:00,42.174711836241414,-77.15599592114208,KBGM,42.19969,-75.98472,2022-02-19T14:27:21.126000,35.5,42.23339993759817,-77.50920033805977
CTP-SQ-W-2022-3,CTP,3,2022-02-19T14:34:00+00:00,2022-02-19T15:30:00+00:00,41.80921130629653,-77.3270107713439,KCCX,40.92305,-78.00389,2022-02-19T14:31:51.694000,3.5,41.99700686038146,-77.60937219978234
BGM-SQ-W-2022-4,BGM,4,2022-02-19T14:40:00+00:00,2022-02-19T15:45:00+00:00,42.97310790196278,-75.97096443947252,KBGM,42.19969,-75.98472,2022-02-19T14:40:26.842000,38.0,42.77904146421789,-76.52347801351601
BGM-SQ-W-2022-5,BGM,5,2022-02-19T15:01:00+00:00,2022-02-19T15:45:00+00:00,42.534608551399366,-76.35708460427036,KBGM,42.19969,-75.98472,2022-02-19T15:02:17.154000,38.0,42.51178505786898,-76.74713636793014
CTP-SQ-W-2022-4,CTP,4,2022-02-19T15:21:00+00:00,2022-02-19T16:45:00+00:00,40.675015590894915,-78.40220689117557,KCCX,40.92305,-78.00389,2022-02-19T15:22:11.963000,62.0,40.72134198207061,-78.27685780916318
BGM-SQ-W-2022-6,BGM,6,2022-02-19T15:24:00+00:00,2022-02-19T16:15:00+00:00,42.05068156335096,-76.65071680281916,KBGM,42.19969,-75.98472,2022-02-19T15:24:07.395000,38.0,42.09543916801219,-76.86653308115353
BGM-SQ-W-2022-7,BGM,7,2022-02-19T15:38:00+00:00,2022-02-19T16:30:00+00:00,43.013977538605516,-75.36214007175165,KTYX,43.75582,-75.68,2022-02-19T15:38:35.583000,36.5,43.19537073939692,-75.39652865092025
CTP-SQ-W-2022-5,CTP,5,2022-02-19T15:38:00+00:00,2022-02-19T16:30:00+00:00,41.61517992864898,-77.10781060958585,KCCX,40.92305,-78.00389,2022-02-19T15:38:35.582000,36.0,41.56583326491827,-77.42906569001468
BGM-SQ-W-2022-8,BGM,8,2022-02-19T15:47:00+00:00,2022-02-19T16:30:00+00:00,42.411351218914604,-76.02834129609211,KBGM,42.19969,-75.98472,2022-02-19T15:47:52.478000,41.0,42.5402860180955,-75.98694186311519
ALY-SQ-W-2022-1,ALY,1,2022-02-19T15:48:00+00:00,2022-02-19T16:45:00+00:00,43.032083751421496,-74.82271790755235,KENX,42.58655,-74.06408,2022-02-19T15:47:34.484000,32.0,43.1260280782934,-74.89722683911066
CTP-SQ-W-2022-6,CTP,6,2022-02-19T16:02:00+00:00,2022-02-19T17:15:00+00:00,40.61908624761261,-77.71774365632673,KCCX,40.92305,-78.00389,2022-02-19T16:02:55.879000,38.0,41.120583812428826,-77.46995871972817
BGM-SQ-W-2022-9,BGM,9,2022-02-19T16:14:00+00:00,2022-02-19T17:15:00+00:00,42.003266242038215,-75.93050530785564,KBGM,42.19969,-75.98472,2022-02-19T16:12:08.313000,37.5,42.48979253479039,-75.83168324806799
CTP-SQ-W-2022-7,CTP,7,2022-02-19T16:18:00+00:00,2022-02-19T16:25:00+00:00,41.50382582582582,-77.08032432432432,KCCX,40.92305,-78.00389,2022-02-19T16:18:33.427000,34.5,41.38666706862403,-77.03480439641699
BGM-SQ-W-2022-10,BGM,10,2022-02-19T16:28:00+00:00,2022-02-19T17:30:00+00:00,42.6103284572667,-74.97654882838954,KENX,42.58655,-74.06408,2022-02-19T16:26:55.862000,35.0,42.63033317894025,-75.2614062431949
ALY-SQ-W-2022-2,ALY,2,2022-02-19T16:46:00+00:00,2022-02-19T17:30:00+00:00,42.97633029843198,-74.47804838981622,KENX,42.58655,-74.06408,2022-02-19T16:43:40.400000,39.0,42.91793247793609,-74.67276450474584
CTP-SQ-W-2022-8,CTP,8,2022-02-19T17:00:00+00:00,2022-02-19T18:15:00+00:00,40.35830885625277,-77.2703508125777,KCCX,40.92305,-78.00389,2022-02-19T16:58:15.770000,35.0,40.01772313846118,-78.38043014228418
ALY-SQ-W-2022-3,ALY,3,2022-02-19T17:03:00+00:00,2022-02-19T18:00:00+00:00,42.688749226006195,-74.4798596491228,KENX,42.58655,-74.06408,2022-02-19T17:00:25.826000,36.5,42.825533149812614,-74.63756671212843
BGM-SQ-W-2022-11,BGM,11,2022-02-19T17:10:00+00:00,2022-02-19T18:15:00+00:00,42.004171713267205,-75.16538160889921,KBGM,42.19969,-75.98472,2022-02-19T17:11:22.710000,44.5,41.8922709187479,-75.71895937933961
BGM-SQ-W-2022-12,BGM,12,2022-02-19T17:15:00+00:00,2022-02-19T18:15:00+00:00,41.349418498948914,-75.80562041929434,KBGM,42.19969,-75.98472,2022-02-19T17:15:15.646000,39.5,41.55553807652096,-76.20273117009828
ALY-SQ-W-2022-4,ALY,4,2022-02-19T17:16:00+00:00,2022-02-19T18:15:00+00:00,42.87615332657887,-73.95853512326917,KENX,42.58655,-74.06408,2022-02-19T17:17:11.205000,43.0,43.065491468176454,-74.10701282225793
BTV-SQ-W-2022-2,BTV,2,2022-02-19T17:33:00+00:00,2022-02-19T18:30:00+00:00,44.417104307213286,-73.34828638149602,KCXX,44.5111,-73.16639,2022-02-19T17:33:52.948000,51.0,44.82364891488499,-73.64464697288714
PHI-SQ-W-2022-2,PHI,2,2022-02-19T17:53:00+00:00,2022-02-19T18:45:00+00:00,40.931872668921855,-75.46256266805449,KDIX,39.94694,-74.41072,2022-02-19T17:50:02.897000,14.5,40.90986774809704,-75.98721219040712
ALY-SQ-W-2022-5,ALY,5,2022-02-19T18:04:00+00:00,2022-02-19T19:00:00+00:00,42.53663740245261,-73.6759378483835,KENX,42.58655,-74.06408,2022-02-19T18:05:23.939000,36.5,42.77135605585667,-73.67128542375622
BGM-SQ-W-2022-13,BGM,13,2022-02-19T18:13:00+00:00,2022-02-19T19:15:00+00:00,41.51241996578689,-74.99836815738024,KBGM,42.19969,-75.98472,2022-02-19T18:13:04.770000,38.5,41.42289205692632,-75.46259351585852
PHI-SQ-W-2022-3,PHI,3,2022-02-19T18:19:00+00:00,2022-02-19T19:15:00+00:00,40.47356933648756,-75.82234820322181,KDIX,39.94694,-74.41072,2022-02-19T18:18:16.056000,32.0,40.446352394404386,-76.14085065033555
OKX-SQ-W-2022-1,OKX,1,2022-02-19T18:28:00+00:00,2022-02-19T19:15:00+00:00,41.45585866666666,-74.525896,KENX,42.58655,-74.06408,2022-02-19T18:25:53.253000,10.0,41.482990379663256,-74.69584612188604
BTV-SQ-W-2022-3,BTV,3,2022-02-19T18:29:00+00:00,2022-02-19T19:15:00+00:00,44.41842411977439,-72.90259486199336,KCXX,44.5111,-73.16639,2022-02-19T18:26:56.568000,44.5,44.441345485365645,-73.22102648238172
PHI-SQ-W-2022-4,PHI,4,2022-02-19T18:36:00+00:00,2022-02-19T19:30:00+00:00,40.83347591773605,-74.86735373015298,KDIX,39.94694,-74.41072,2022-02-19T18:39:24.503000,31.5,40.96913414282046,-75.21812109730791
ALY-SQ-W-2022-6,ALY,6,2022-02-19T19:02:00+00:00,2022-02-19T19:45:00+00:00,42.19951847340641,-73.60555826228179,KENX,42.58655,-74.06408,2022-02-19T19:03:14.200000,47.0,42.28604583397391,-73.7826186066658
OKX-SQ-W-2022-2,OKX,2,2022-02-19T19:10:00+00:00,2022-02-19T19:45:00+00:00,41.33924957924958,-74.24476635976637,KOKX,40.86552,-72.86392,2022-02-19T19:08:13.578000,34.0,41.40510981083393,-74.41832291222819
PHI-SQ-W-2022-5,PHI,5,2022-02-19T19:20:00+00:00,2022-02-19T20:00:00+00:00,40.39450118847874,-75.05242729306487,KDIX,39.94694,-74.41072,2022-02-19T19:21:39.976000,38.0,40.159473358512415,-74.77718368077878
PHI-SQ-W-2022-6,PHI,6,2022-02-19T19:32:00+00:00,2022-02-19T20:00:00+00:00,40.881843940714916,-74.65051583841908,KDIX,39.94694,-74.41072,2022-02-19T19:28:42.638000,35.0,41.185505476335344,-74.53290192462016
BOX-SQ-W-2022-1,BOX,1,2022-02-19T19:33:00+00:00,2022-02-19T20:30:00+00:00,42.402130970211346,-72.71115576635046,KENX,42.58655,-74.06408,2022-02-19T19:31:41.517000,41.0,42.72948221510155,-73.00425686918852
OKX-SQ-W-2022-3,OKX,3,2022-02-19T19:40:00+00:00,2022-02-19T20:15:00+00:00,41.165713449688454,-74.1021319150401,KOKX,40.86552,-72.86392,2022-02-19T19:40:11.150000,34.0,41.19532411930374,-74.31464615511494
OKX-SQ-W-2022-4,OKX,4,2022-02-19T19:57:00+00:00,2022-02-19T20:30:00+00:00,41.43155162738496,-73.48480639730639,KOKX,40.86552,-72.86392,2022-02-19T19:56:01.451000,37.0,41.477310901524405,-73.56992324313164
OKX-SQ-W-2022-5,OKX,5,2022-02-19T20:07:00+00:00,2022-02-19T20:45:00+00:00,40.949593239527736,-73.8648326055313,KOKX,40.86552,-72.86392,2022-02-19T20:07:09.095000,38.5,41.25808604779498,-73.73193448656406
OKX-SQ-W-2022-6,OKX,6,2022-02-19T20:34:00+00:00,2022-02-19T21:15:00+00:00,41.325390280941534,-73.15732536066815,KOKX,40.86552,-72.86392,2022-02-19T20:35:02.083000,38.0,41.07528037893838,-73.5335692712759
BOX-SQ-W-2022-2,BOX,2,2022-02-19T20:49:00+00:00,2022-02-19T21:15:00+00:00,41.81702344125935,-72.64919433560183,KOKX,40.86552,-72.86392,2022-02-19T20:51:44.448000,36.5,41.68874505621392,-72.82077260799139
GYX-SQ-W-2022-1,GYX,1,2022-02-19T20:52:00+00:00,2022-02-19T21:30:00+00:00,42.9503619315518,-71.71844819503048,KBOX,41.95577,-71.13686,2022-02-19T20:49:12.581000,35.0,42.9510325711534,-72.04904001563884
BOX-SQ-W-2022-3,BOX,3,2022-02-19T20:59:00+00:00,2022-02-19T21:45:00+00:00,42.372907110692225,-72.06566516563689,KBOX,41.95577,-71.13686,2022-02-19T21:00:48.932000,38.5,42.27196835216343,-72.22451511947284
OKX-SQ-W-2022-7,OKX,7,2022-02-19T20:59:00+00:00,2022-02-19T21:45:00+00:00,40.87137784188475,-72.97009066556767,KOKX,40.86552,-72.86392,2022-02-19T20:57:33.687000,37.5,40.778616261675715,-73.31136798254464
GYX-SQ-W-2022-2,GYX,2,2022-02-19T21:29:00+00:00,2022-02-19T22:30:00+00:00,42.92500325520833,-71.25237467447914,KBOX,41.95577,-71.13686,2022-02-19T21:27:16.754000,35.0,42.72172352268842,-71.69807931775237
GYX-SQ-W-2022-3,GYX,3,2022-02-19T21:43:00+00:00,2022-02-19T22:30:00+00:00,43.83460179411442,-71.18364402144186,KGYX,43.8913,-70.25636,2022-02-19T21:44:38.196000,39.0,43.99446139280395,-71.45135136311512
BTV-SQ-W-2022-4,BTV,4,2022-02-19T22:14:00+00:00,2022-02-19T22:45:00+00:00,44.80774924546039,-73.23943990896046,KCXX,44.5111,-73.16639,2022-02-19T22:16:03.182000,53.5,44.82057937986403,-73.6485660741718
GYX-SQ-W-2022-4,GYX,4,2022-02-19T22:15:00+00:00,2022-02-19T23:15:00+00:00,43.53682355570455,-70.70928416582859,KGYX,43.8913,-70.25636,2022-02-19T22:16:12.309000,38.0,43.7834799766359,-70.95903583270437
BTV-SQ-W-2022-5,BTV,5,2022-02-19T22:40:00+00:00,2022-02-19T23:30:00+00:00,44.66856226332425,-73.1929487059118,KCXX,44.5111,-73.16639,2022-02-19T22:38:20.797000,46.0,44.66571920536323,-73.06840930834245
BTV-SQ-W-2022-6,BTV,6,2022-02-19T23:07:00+00:00,2022-02-19T23:45:00+00:00,44.47524950851214,-72.93031057849164,KCXX,44.5111,-73.16639,2022-02-19T23:07:19.955000,39.0,44.52353945660243,-73.30562800391702
BTV-SQ-W-2022-7,BTV,7,2022-02-19T23:44:00+00:00,2022-02-20T00:30:00+00:00,44.21387088856161,-73.07011563846615,KCXX,44.5111,-73.16639,2022-02-19T23:44:56.939000,38.0,44.31527239153269,-73.19393920333637
BTV-SQ-W-2022-8,BTV,8,2022-02-20T00:26:00+00:00,2022-02-20T01:15:00+00:00,44.02614126776736,-72.69805400483035,KCXX,44.5111,-73.16639,2022-02-20T00:23:25.564000,37.5,44.1523754229581,-73.41812737356561
PUB-SQ-W-2022-1,PUB,1,2022-02-22T13:42:00+00:00,2022-02-22T14:30:00+00:00,38.52076878944349,-104.61747561675274,KPUX,38.45944,-104.18138,2022-02-22T13:39:06.586000,43.0,38.525197357829555,-104.65217465379439
PUB-SQ-W-2022-2,PUB,2,2022-02-22T13:44:00+00:00,2022-02-22T14:30:00+00:00,38.52076878944349,-104.61747561675274,KPUX,38.45944,-104.18138,2022-02-22T13:46:13.659000,41.0,38.51230512301799,-104.68956257059523
BTV-SQ-W-2022-9,BTV,9,2022-02-27T17:44:00+00:00,2022-02-27T18:30:00+00:00,44.62662057122198,-75.02551111713666,KTYX,43.75582,-75.68,2022-02-27T17:43:15.717000,26.0,44.269991540642714,-75.56912241287009
BTV-SQ-W-2022-10,BTV,10,2022-02-27T18:28:00+00:00,2022-02-27T19:30:00+00:00,44.606900596622516,-74.62695250615162,KCXX,44.5111,-73.16639,2022-02-27T18:28:26.568000,53.0,44.817674454169406,-73.64372537012035
BTV-SQ-W-2022-11,BTV,11,2022-02-27T19:21:00+00:00,2022-02-27T20:15:00+00:00,44.52227577772204,-73.44307681050343,KCXX,44.5111,-73.16639,2022-02-27T19:18:44.312000,53.0,44.813078016009634,-73.65366618443382
BTV-SQ-W-2022-12,BTV,12,2022-02-27T20:13:00+00:00,2022-02-27T21:15:00+00:00,44.348331283155225,-73.05726096204607,KCXX,44.5111,-73.16639,2022-02-27T20:12:38.095000,35.0,44.06475783941042,-73.10382136693738
BTV-SQ-W-2022-13,BTV,13,2022-02-27T20:58:00+00:00,2022-02-27T21:45:00+00:00,44.617822251773056,-71.89237588652483,KCXX,44.5111,-73.16639,2022-02-27T20:58:10.514000,10.0,44.72907802501673,-72.05024569716521
CAR-SQ-W-2022-1,CAR,1,2022-02-27T21:09:00+00:00,2022-02-27T22:15:00+00:00,47.014731091545556,-68.43319048124182,KCBW,46.03916,-67.80642,2022-02-27T21:11:03.963000,28.0,47.055265791289166,-69.03292711752023
BTV-SQ-W-2022-14,BTV,14,2022-02-27T21:09:00+00:00,2022-02-27T22:15:00+00:00,43.94215875988348,-72.94388264669162,KCXX,44.5111,-73.16639,2022-02-27T21:09:28.833000,34.5,43.67332445607954,-73.33450577098574
GYX-SQ-W-2022-5,GYX,5,2022-02-27T21:14:00+00:00,2022-02-27T22:15:00+00:00,45.0051331124583,-70.92192290521173,KGYX,43.8913,-70.25636,2022-02-27T21:12:47.242000,37.5,44.952928596785014,-70.62368343899821
BTV-SQ-W-2022-15,BTV,15,2022-02-27T21:51:00+00:00,2022-02-27T22:45:00+00:00,43.579867075664616,-72.72774462415568,KCXX,44.5111,-73.16639,2022-02-27T21:53:42.204000,33.0,43.59432575904867,-72.99424678680013
CAR-SQ-W-2022-2,CAR,2,2022-02-27T21:52:00+00:00,2022-02-27T22:45:00+00:00,46.235495245376136,-69.04116551992382,KCBW,46.03916,-67.80642,2022-02-27T21:49:01.719000,35.5,45.77708622144373,-69.18877003501154
GYX-SQ-W-2022-6,GYX,6,2022-02-27T21:58:00+00:00,2022-02-27T23:00:00+00:00,43.702783222958054,-71.98916909492272,KCXX,44.5111,-73.16639,2022-02-27T21:59:14.069000,18.0,44.023687281251675,-72.08328051624507
GYX-SQ-W-2022-7,GYX,7,2022-02-27T22:15:00+00:00,2022-02-27T23:15:00+00:00,44.631075281647426,-70.60387415605206,KGYX,43.8913,-70.25636,2022-02-27T22:13:35.576000,54.5,44.41437077164563,-70.56367000257718
CAR-SQ-W-2022-3,CAR,3,2022-02-27T22:18:00+00:00,2022-02-27T23:15:00+00:00,46.73634195839675,-68.06092846270928,KCBW,46.03916,-67.80642,2022-02-27T22:18:48.650000,36.5,46.75574489862747,-68.36926256540802
BTV-SQ-W-2022-16,BTV,16,2022-02-27T22:44:00+00:00,2022-02-27T23:30:00+00:00,43.411238074743565,-72.72721253855536,KCXX,44.5111,-73.16639,2022-02-27T22:43:26.743000,33.5,43.430114718169314,-73.04272567854179
CAR-SQ-W-2022-4,CAR,4,2022-02-27T22:45:00+00:00,2022-02-27T23:45:00+00:00,45.92518073398718,-68.77834894322419,KCBW,46.03916,-67.80642,2022-02-27T22:48:22.553000,56.0,46.0953099781508,-68.10514108768375
GYX-SQ-W-2022-8,GYX,8,2022-02-27T23:03:00+00:00,2022-02-28T00:00:00+00:00,43.52981082036775,-71.70981730315887,KGYX,43.8913,-70.25636,2022-02-27T23:05:52.780000,33.5,43.64561055010346,-71.75755985379263
GYX-SQ-W-2022-9,GYX,9,2022-02-27T23:15:00+00:00,2022-02-28T00:15:00+00:00,44.08504500716378,-70.2172858655703,KGYX,43.8913,-70.25636,2022-02-27T23:15:12.178000,59.5,44.516358560269914,-70.30616929339737
CAR-SQ-W-2022-5,CAR,5,2022-02-27T23:27:00+00:00,2022-02-28T00:30:00+00:00,45.284981358099465,-68.48846328824283,KCBW,46.03916,-67.80642,2022-02-27T23:29:24.137000,48.0,45.62795947557386,-67.97775298975724
GYX-SQ-W-2022-10,GYX,10,2022-02-27T23:42:00+00:00,2022-02-28T00:45:00+00:00,43.134127376363224,-71.33013838094298,KGYX,43.8913,-70.25636,2022-02-27T23:40:10.615000,34.0,43.38677202566643,-71.50533421390297
TFX-SQ-W-2022-1,TFX,1,2022-03-07T21:37:00+00:00,2022-03-07T22:30:00+00:00,48.54781144781146,-112.4262298724204,KTFX,47.45972,-111.38527,2022-03-07T21:36:36.319000,31.5,48.437922511448996,-111.92990364583055
TFX-SQ-W-2022-2,TFX,2,2022-03-07T22:27:00+00:00,2022-03-07T23:30:00+00:00,48.254870686767156,-111.97101909547737,KTFX,47.45972,-111.38527,2022-03-07T22:25:21.990000,36.5,48.155634659096336,-111.46294960676728
TFX-SQ-W-2022-3,TFX,3,2022-03-07T23:37:00+00:00,2022-03-08T00:00:00+00:00,47.309136538851696,-111.35275532562387,KTFX,47.45972,-111.38527,2022-03-07T23:34:17.788000,44.0,47.471879593036654,-111.45447850082036
TFX-SQ-W-2022-4,TFX,4,2022-03-08T00:03:00+00:00,2022-03-08T01:00:00+00:00,47.194164117116706,-110.85984037600315,KTFX,47.45972,-111.38527,2022-03-08T00:02:39.944000,47.0,47.307175193813485,-111.35270544397459
TFX-SQ-W-2022-5,TFX,5,2022-03-08T00:58:00+00:00,2022-03-08T02:00:00+00:00,47.134977251723896,-110.71871507784174,KTFX,47.45972,-111.38527,2022-03-08T01:00:06.630000,57.0,47.29608101502583,-110.62081146962024
TFX-SQ-W-2022-6,TFX,6,2022-03-08T01:56:00+00:00,2022-03-08T03:00:00+00:00,47.002613831358,-110.24709126461552,KTFX,47.45972,-111.38527,2022-03-08T01:54:45.534000,36.0,47.0975573530905,-110.17032701567375
TFX-SQ-W-2022-7,TFX,7,2022-03-08T02:26:00+00:00,2022-03-08T03:30:00+00:00,46.90068303503135,-109.55942481260516,KBLX,45.85377,-108.60679,2022-03-08T02:23:33.297000,15.5,46.88410398307484,-109.6575825559051
TFX-SQ-W-2022-8,TFX,8,2022-03-08T03:30:00+00:00,2022-03-08T04:00:00+00:00,46.89807159353348,-109.55854118552733,KBLX,45.85377,-108.60679,2022-03-08T03:31:47.195000,28.0,46.77999066375703,-109.53144203855253
FGF-SQ-W-2022-1,FGF,1,2022-03-11T00:36:00+00:00,2022-03-11T01:15:00+00:00,47.734324644549766,-97.08263507109005,KMVX,47.52805,-97.32499,2022-03-11T00:32:39.590000,38.5,47.643646450253506,-97.5402757267078
FGF-SQ-W-2022-2,FGF,2,2022-03-11T01:22:00+00:00,2022-03-11T02:00:00+00:00,47.366208390191446,-96.62798422445518,KMVX,47.52805,-97.32499,2022-03-11T01:21:13.840000,36.0,47.43558287679286,-96.97707305703901
FGF-SQ-W-2022-3,FGF,3,2022-03-11T02:07:00+00:00,2022-03-11T03:00:00+00:00,46.988298944459686,-96.09115398291222,KMVX,47.52805,-97.32499,2022-03-11T02:07:10.651000,29.0,47.36814733854134,-96.27302380560624
DLH-SQ-W-2022-7,DLH,7,2022-03-11T18:32:00+00:00,2022-03-11T19:30:00+00:00,47.909412613701214,-90.6859419997986,KDLH,46.83694,-92.20971,2022-03-11T18:27:51.131000,8.5,48.04753298883044,-91.19198964119086
DLH-SQ-W-2022-8,DLH,8,2022-03-11T19:29:00+00:00,2022-03-11T20:30:00+00:00,47.91737031533761,-90.52066039293378,KDLH,46.83694,-92.20971,2022-03-11T19:31:46.848000,1.5,47.94868021388284,-90.91646204235465
PIH-SQ-W-2022-1,PIH,1,2022-03-20T14:11:00+00:00,2022-03-20T15:15:00+00:00,43.06460511679644,-112.4337115313311,KSFX,43.10559,-112.68612,2022-03-20T14:13:23.158000,47.0,43.10351376959054,-112.66011669234146
CYS-SQ-W-2022-1,CYS,1,2022-03-22T20:23:00+00:00,2022-03-22T21:00:00+00:00,41.1360606060606,-105.34969696969696,KCYS,41.15194,-104.8061,2022-03-22T20:24:32.237000,38.0,41.11683848091009,-105.29782167686068
CYS-SQ-W-2022-2,CYS,2,2022-03-23T00:05:00+00:00,2022-03-23T00:30:00+00:00,41.287169483101394,-104.69634360503646,KCYS,41.15194,-104.8061,2022-03-23T00:03:24.002000,67.5,41.09669058616382,-104.90585615832553
CYS-SQ-W-2022-3,CYS,3,2022-03-23T00:26:00+00:00,2022-03-23T01:00:00+00:00,41.212683887669534,-104.67176712251674,KCYS,41.15194,-104.8061,2022-03-23T00:24:37.006000,56.5,41.11133202193225,-104.96897997147191
LWX-SQ-W-2022-1,LWX,1,2022-03-28T14:09:00+00:00,2022-03-28T14:45:00+00:00,39.59305345772248,-77.8051473419221,KLWX,38.9761,-77.4875,2022-03-28T14:06:47.916000,33.5,39.60069909109954,-77.89657761819166
CTP-SQ-W-2022-9,CTP,9,2022-03-28T15:00:00+00:00,2022-03-28T16:00:00+00:00,40.943317793317796,-78.10923520923521,KCCX,40.92305,-78.00389,2022-03-28T14:58:38.011000,36.0,40.95147722314026,-77.97198897235943
PHI-SQ-W-2022-7,PHI,7,2022-03-28T15:50:00+00:00,2022-03-28T16:15:00+00:00,40.973157894736836,-75.64044657097287,KBGM,42.19969,-75.98472,2022-03-28T15:53:25.454000,19.0,40.932043569149435,-75.72653039965921
CTP-SQ-W-2022-10,CTP,10,2022-03-28T15:51:00+00:00,2022-03-28T17:00:00+00:00,40.69562858966178,-77.67492086790045,KCCX,40.92305,-78.00389,2022-03-28T15:50:30.621000,55.0,40.7234083704276,-78.28359997135719
CTP-SQ-W-2022-11,CTP,11,2022-03-28T15:53:00+00:00,2022-03-28T16:45:00+00:00,41.56053432078449,-78.04561448261678,KCCX,40.92305,-78.00389,2022-03-28T15:50:30.621000,30.5,41.31495217059036,-78.0655491817497
PHI-SQ-W-2022-8,PHI,8,2022-03-28T16:08:00+00:00,2022-03-28T17:00:00+00:00,40.32239639639639,-75.22805525525524,KDIX,39.94694,-74.41072,2022-03-28T16:08:37.513000,32.5,40.43108511142321,-75.33392981572185
CTP-SQ-W-2022-12,CTP,12,2022-03-28T16:13:00+00:00,2022-03-28T17:30:00+00:00,40.51861596713123,-76.56033191009425,KCCX,40.92305,-78.00389,2022-03-28T16:14:15.032000,28.0,40.715852086040286,-76.98695399007026
CTP-SQ-W-2022-13,CTP,13,2022-03-28T16:30:00+00:00,2022-03-28T17:45:00+00:00,40.13024542554473,-78.53281419284941,KCCX,40.92305,-78.00389,2022-03-28T16:31:42.514000,33.5,40.35977104456485,-78.59555893791055
CTP-SQ-W-2022-14,CTP,14,2022-03-28T16:44:00+00:00,2022-03-28T18:15:00+00:00,41.2020537650527,-77.6136698146205,KCCX,40.92305,-78.00389,2022-03-28T16:43:06.741000,35.0,41.41867208270629,-78.3592112562656
PHI-SQ-W-2022-9,PHI,9,2022-03-28T16:46:00+00:00,2022-03-28T17:30:00+00:00,40.229607690309166,-74.86997921538061,KDIX,39.94694,-74.41072,2022-03-28T16:47:36.064000,29.0,40.31355861697976,-75.01192901609463
CTP-SQ-W-2022-15,CTP,15,2022-03-28T16:48:00+00:00,2022-03-28T17:45:00+00:00,40.792702472293264,-76.07935038363172,KBGM,42.19969,-75.98472,2022-03-28T16:50:15.608000,13.5,40.87482764427168,-76.23889234763291
CTP-SQ-W-2022-16,CTP,16,2022-03-28T17:10:00+00:00,2022-03-28T18:00:00+00:00,40.53623859336746,-77.33400697381111,KCCX,40.92305,-78.00389,2022-03-28T17:10:58.567000,31.0,40.55066566074881,-77.36189639498625
CTP-SQ-W-2022-17,CTP,17,2022-03-28T17:29:00+00:00,2022-03-28T18:45:00+00:00,40.74660029004909,-76.5747674029451,KCCX,40.92305,-78.00389,2022-03-28T17:27:38.933000,25.0,40.66737357932635,-76.8356817680083
LWX-SQ-W-2022-2,LWX,2,2022-03-28T17:36:00+00:00,2022-03-28T19:00:00+00:00,39.64279503105591,-79.22301242236027,KPBZ,40.53166,-80.21794,2022-03-28T17:38:41.124000,25.5,39.71023675556058,-79.26957342767807
CTP-SQ-W-2022-18,CTP,18,2022-03-28T17:44:00+00:00,2022-03-28T19:15:00+00:00,40.22030478643486,-76.61097159619374,KCCX,40.92305,-78.00389,2022-03-28T17:44:37.541000,20.0,40.35679388561467,-76.27236546850828
PHI-SQ-W-2022-10,PHI,10,2022-03-28T17:46:00+00:00,2022-03-28T18:15:00+00:00,40.34065698478562,-74.52075380359614,KDIX,39.94694,-74.41072,2022-03-28T17:43:31.266000,40.5,40.133692005691195,-74.38395726870804
CTP-SQ-W-2022-19,CTP,19,2022-03-28T17:50:00+00:00,2022-03-28T18:30:00+00:00,39.86639186411339,-78.66413502109705,KCCX,40.92305,-78.00389,2022-03-28T17:50:25.667000,20.0,39.91450497506845,-78.52730535707646
CTP-SQ-W-2022-20,CTP,20,2022-03-28T18:00:00+00:00,2022-03-28T19:00:00+00:00,40.813819022838985,-77.89754871350102,KCCX,40.92305,-78.00389,2022-03-28T18:02:33.481000,52.0,40.7181537297031,-78.28104619817289
PHI-SQ-W-2022-11,PHI,11,2022-03-28T18:12:00+00:00,2022-03-28T19:00:00+00:00,40.19273408239701,-74.25599250936328,KDIX,39.94694,-74.41072,2022-03-28T18:11:53.162000,37.0,40.20912947476813,-74.36707076956901
CTP-SQ-W-2022-21,CTP,21,2022-03-28T18:27:00+00:00,2022-03-28T19:15:00+00:00,41.18165590950101,-77.24471025053785,KCCX,40.92305,-78.00389,2022-03-28T18:26:48.307000,33.5,41.2254781018454,-77.36289259911506
CTP-SQ-W-2022-22,CTP,22,2022-03-28T18:44:00+00:00,2022-03-28T19:45:00+00:00,39.93911861872726,-78.42294894981795,KCCX,40.92305,-78.00389,2022-03-28T18:43:45.480000,21.0,40.10828888298662,-78.94968096659889
CTP-SQ-W-2022-23,CTP,23,2022-03-28T19:06:00+00:00,2022-03-28T20:15:00+00:00,40.919784724371546,-76.62393720554353,KCCX,40.92305,-78.00389,2022-03-28T19:06:17.699000,29.5,41.13898964092967,-76.79906098178674
PHI-SQ-W-2022-12,PHI,12,2022-03-28T19:42:00+00:00,2022-03-28T20:15:00+00:00,40.001389323595895,-75.34838636758825,KDIX,39.94694,-74.41072,2022-03-28T19:40:54.179000,32.5,40.02667212687896,-75.51046792088053
